seller_id|proba_churn|dt_ref
0015a82c2db000af6aaaf3ae2ecb0532|0.33171905374133803|2020-10-06
001cca7ae9ae17fb1caed9dfb1094831|1.0123910372839951e-05|2020-10-06
002100f778ceb8431b7a1020ff7ab48f|0.0002276278554278952|2020-10-06
003554e2dce176b5555353e4f3555ac8|0.3684261791019229|2020-10-06
004c9cd9d87a3c30c522c48c4fc07416|0.0001013956826895857|2020-10-06
00ee68308b45bc5e2660cd833c3f81cc|1.8790576892278998e-05|2020-10-06
013900e863eace745d3ec7614cab5b1a|0.000886307145033678|2020-10-06
014c0679dd340a0e338872e7ec85666a|0.007630636672421297|2020-10-06
014d9a685fd57276679edd00e07089e5|0.13370612870426732|2020-10-06
0176f73cc1195f367f7b32db1e5b3aa8|0.08887110914781562|2020-10-06
01bcc9d254a0143f0ce9791b960b2a47|0.7221776372249561|2020-10-06
01c97ebb5cdac52891c0ed1c37ba0012|0.9909520187242521|2020-10-06
01ed254b9ff8407dfb9d99ba1e17d923|0.47671277223246733|2020-10-06
01fdefa7697d26ad920e9e0346d4bd1b|0.012547795857461358|2020-10-06
0241d4d5d36f10f80c644447315af0bd|0.0008406598683413051|2020-10-06
0249d282d911d23cb8b869ab49c99f53|0.04585724250125594|2020-10-06
02c988090b766852e088c69d7fb3b551|0.3738948614300072|2020-10-06
02d35243ea2e497335cd0f076b45675d|0.8862412015090663|2020-10-06
02ecc2a19303f05e59ce133fd923fff7|0.001351678157684014|2020-10-06
02f5837340d7eb4f653d676c7256523a|0.0455514950628647|2020-10-06
04308b1ee57b6625f47df1d56f00eedf|0.01118885915487476|2020-10-06
0432ead42b6c8a0bdf68154add917fdf|0.000516653794841564|2020-10-06
048c2757535328e0d7dac690ad3c0aae|5.0439383623099524e-05|2020-10-06
04aba03279157f6d4e0fe8ccaf21963c|0.3117302099663356|2020-10-06
04e38a233f726ef161074ab1c9b0399a|0.14450992931700654|2020-10-06
04fdea0c111866e6cf812f1570d6b5bd|0.19522774780245436|2020-10-06
0509040ea3fe50071181bbc359eb7738|0.0001519481601487879|2020-10-06
052577151711aec5c744fe12e66db3e1|0.02494434563221812|2020-10-06
054694fa03fe82cec4b7551487331d74|0.05010043408326824|2020-10-06
056b4ada5bbc2c50cc7842547dda6b51|0.001203574756550475|2020-10-06
058cb5aeb36d7c0fcae20fc85d5e0a59|0.9943645307405335|2020-10-06
058fd0aa2bfdb2274e05e1ae971dabb6|0.0001684933750141334|2020-10-06
05a940b4ecae36cadfd8e93bd9c43257|0.21138175052616362|2020-10-06
05d2173d43ea568aa0540eba70d2ca76|0.0003801143561385488|2020-10-06
05f51e13da97139648b8125c31e5f51b|0.259026387946182|2020-10-06
05feb94f19d094d4b0f9281f0b1d4c99|0.6205657842600741|2020-10-06
05ff92fedb5be47920fea08e501238b9|0.010908798427407653|2020-10-06
06579cb253ecd5a3a12a9e6eb6bf8f47|0.05123145287205745|2020-10-06
066a6914e1ebf3ea95a216c73a986b91|0.6699129383694026|2020-10-06
0691148aee60ca47977c187804f935ae|0.0033096592279222297|2020-10-06
06bb3a2fe5e7b7a845b13e8fb91bd944|0.1816851051006142|2020-10-06
06e5eefc71ec47ae763c5c6f8db7064f|0.00013812810541924379|2020-10-06
070d165398b553f3b4b851c216b8a358|0.1798138697074604|2020-10-06
0761743cbffb25d7148189e9f1a5f03a|0.6312604814977911|2020-10-06
077c5fae4bea9500e3737b16f71b9d3a|0.38437389737938243|2020-10-06
07bf9669d84d1f11be443a9dd938f698|0.9879676310087093|2020-10-06
080102cd0a76b09e0dcf55fcacc60e05|0.0005671246338854592|2020-10-06
080199a181c46c657dc5aa235411be3b|0.0024672565679758718|2020-10-06
08061dc0fc165ed41288cc7acde738ee|0.9900576006920182|2020-10-06
081acf3de680d554796c9cf041be7bc2|0.06439516426296667|2020-10-06
082e0bf4cb865a6533b1e8e498cc0255|0.13115624989200553|2020-10-06
08633c14ef2db992c11f840f04fad4cd|0.033886063418112164|2020-10-06
0885aaf116795758dfeb5f1032487bcd|0.26820637266943487|2020-10-06
08d2d642cf72b622b14dde1d2f5eb2f5|0.001125454525735904|2020-10-06
091065b789659bc3cd9af9cb3a6253ff|0.9569635617939474|2020-10-06
093805f8f2aeb63881444571e1f48f30|0.04665353531875385|2020-10-06
09883d9ab71c8fe8a9bfc7fc3075b07e|0.799624145909788|2020-10-06
099095b050cfe8eb1ddff5317587e96e|0.01684175851788902|2020-10-06
09f952a5f58d2285b0372551ae8f9b01|0.003460984417959307|2020-10-06
0ac4201fda2c68ebc0e47cb9423cf3c9|0.7061699783148224|2020-10-06
0ad80de75c811326389cfb1daba7d45e|0.07141239396246946|2020-10-06
0adac9fbd9a2b63cccaac4f8756c1ca8|0.006888102446699888|2020-10-06
0ade5cc4a305ed7093a23f68ca47519c|0.7841089569076721|2020-10-06
0aea4c6ae1505b3228ddf3dd7822ee5b|0.2558729998363424|2020-10-06
0afccdb8a34ee5c79f7c06faf2b4d56e|0.012472873971422221|2020-10-06
0b35c634521043bf4b47e21547b99ab5|0.011123029197956472|2020-10-06
0b3f27369a4d8df98f7eb91077e438ac|0.41322216021760305|2020-10-06
0b90b6df587eb83608a64ea8b390cf07|0.00021635017983968226|2020-10-06
0bae85eb84b9fb3bd773911e89288d54|2.807157438832379e-06|2020-10-06
0bb738e4d789e63e2267697c42d35a2d|0.007067487345576749|2020-10-06
0be8ff43f22e456b4e0371b2245e4d01|4.5459751086421715e-05|2020-10-06
0bf0150d5b9d60d9cd2906003332f085|0.00012626330730221|2020-10-06
0bfd0b434243adc5c2e1aa6baf19c6aa|0.14205822933258402|2020-10-06
0c7533c71df861ec58ad7ff999ed0e8d|0.012840883160553004|2020-10-06
0c8380b62e38e8a1e6adbeba7eb9688c|0.9974124207812882|2020-10-06
0cbcee27c791afa0cdcb08587a2013a8|0.008287549041672487|2020-10-06
0d33a55da925bbf1ff02af5f6059fc7f|0.1293793227331107|2020-10-06
0d4c8269e7f0401201794deef160edd6|0.8327253790709187|2020-10-06
0d83f8e03188682112cc0d93523705cc|0.24504741198919752|2020-10-06
0d85bbda9889ce1f7e63778d24f346eb|0.9307704999799795|2020-10-06
0db783cfcd3b73998abc6e10e59a102f|0.0017727734676820418|2020-10-06
0dd184061fb0eaa7ca37932c68ab91c5|0.024647326009324268|2020-10-06
0df3984f9dfb3d49ac6366acbd3bbb85|0.057438067451612944|2020-10-06
0e44d110fa6a54e121cb2c095a77762f|0.0602960774011962|2020-10-06
0ea22c1cfbdc755f86b9b54b39c16043|0.013100483046052122|2020-10-06
0eaa7e33d73809f1f925f7d07c506cbd|0.5037331977650046|2020-10-06
0ebd97a106433a45a4aebe57c1799778|0.0003081294598040131|2020-10-06
0ed6ce5d87fd9c69eaacaeb778d67235|0.001730301661652805|2020-10-06
0ef83d7d83ed97cd2a0049ac8be5f88a|0.023088147456694977|2020-10-06
0ff83046c3fa22efee8ecf291888b191|0.07877873818453736|2020-10-06
10076e5788b8ee532724bcd460baf762|0.8689673266908179|2020-10-06
10089e9f2fd0c668a8fd4e52e1698888|0.9857612307157694|2020-10-06
1025f0e2d44d7041d6cf58b6550e0bfa|2.7995418807063708e-06|2020-10-06
1099a00e0ee3a50935e6c2447ca090c5|0.1422367409786262|2020-10-06
10ff823eda2b032e2c93d17a7d294736|0.7226298573532631|2020-10-06
1127b7f2594683f2510f1c2c834a486b|0.000224591541372841|2020-10-06
11305281b50fff20ae8bb473f8e11876|0.9956085277321886|2020-10-06
113e3a788b935f48aad63e1c41dac1bd|0.0009760765208900645|2020-10-06
116ccb1a1604bc88e4d234a8c23f33de|0.04714273097029717|2020-10-06
119c7f1a00ef43fad0e57604e76a747c|0.976668390393694|2020-10-06
119d1aef1b4144adba89163f6cd9f5d4|0.6124388496423797|2020-10-06
11bfa66332777660bd0640ee84d47006|0.0004073007833686147|2020-10-06
1284de4ae8aa26997e748c851557cf0e|0.9808336690287287|2020-10-06
128639473a139ac0f3e5f5ade55873a5|3.4539948208369043e-06|2020-10-06
128f9bfbe4c7d5185033914b1de3d39a|0.07432934224078151|2020-10-06
12a8eb0f8d1cd3270695bf2a99f55966|0.8464761778668234|2020-10-06
12b9676b00f60f3b700e83af21824c0e|1.9345561405755216e-05|2020-10-06
12c2ed9cded6138cf0c75f525f565fc7|0.3120473137873396|2020-10-06
13074f016982ff2bd6c58ced8682f000|0.017133032686946575|2020-10-06
1336efc61c316ddf92c899eb817f7cae|0.9206361463276034|2020-10-06
1354d51653f645349064725ed204e85e|0.0007313928343936526|2020-10-06
13d058e4eeac2ce8217660b2f8a05812|0.22384689809306257|2020-10-06
13f57c12a00ed4610db646b913a7f5c6|0.35804687331550555|2020-10-06
1430239a858e7682bbc43b20758af153|0.0826688664505112|2020-10-06
1464afc72f696af775557a821c2e253f|0.7709088914178174|2020-10-06
14d7985702e72162bbf13b6beb74ab2b|0.0001358006236786633|2020-10-06
14ee35374a7876217954b5fa08e50463|0.10149730035343127|2020-10-06
152ee17e4c8aaf53dac99f3462e4999b|0.6402162459553118|2020-10-06
1554a68530182680ad5c8b042c3ab563|0.014002602637701098|2020-10-06
157c3e4b42f81ac4a44e8b1ca2fe9876|0.012665349308554574|2020-10-06
1588ac4010787100dddef64568f0ae35|0.039235384034669876|2020-10-06
15aac934c58d886785ac1b17953ea898|9.773823953219353e-06|2020-10-06
15b3b1b81484422eb41df68ac87f1f50|0.6721470426395146|2020-10-06
16090f2ca825584b5a147ab24aa30c86|0.0002196938456501911|2020-10-06
160e4f13fd3a64b1b86807be88b5ffb0|0.933209524377867|2020-10-06
165fc07beebdcb6190fba8a06db2a449|0.008531306541996716|2020-10-06
1660ad786c27fd935378b6192a90b417|0.834880788811075|2020-10-06
167fd940acebc789debd6eb418c46e38|0.04972382215120259|2020-10-06
17306570e772e7718c92a562d33f5f1d|0.04553422477104806|2020-10-06
1746c1ae87ac63d530c7c943d0ac42e2|0.04151342757425605|2020-10-06
1771297ac436903d1dd6b0e9279aa505|0.08363244006891588|2020-10-06
1782ce2db72c3dda627d5e7c898104e1|0.010966069909526917|2020-10-06
17908cf9b444ee34047cadd5c0f4a516|0.8925424222643402|2020-10-06
17a053fcb14bd219540cbde0df490be0|5.857174269498274e-06|2020-10-06
17ca9b9e9b9ef8fdb529001b49ebb50f|7.454609392204658e-07|2020-10-06
17e34d8224d27a541263c4c64b11a56b|0.0006752373198017653|2020-10-06
17f51e7198701186712e53a39c564617|0.008215738947122221|2020-10-06
180c3376aff0e43dd5788709df48a843|0.8550522222648409|2020-10-06
1835b56ce799e6a4dc4eddc053f04066|2.875215746392871e-06|2020-10-06
1838dd9b8977065acf51d95e0053ea7a|0.0003713548522855467|2020-10-06
184a67a8f9f63234d3a92340bbdb727f|0.9987833149592871|2020-10-06
18a349e75d307f4b4cc646a691ed4216|0.05557423722536805|2020-10-06
1900267e848ceeba8fa32d80c1a5f5a8|3.3243774838840894e-06|2020-10-06
191d55f7edb8524d525ed01b20fe32e8|0.013254856536065479|2020-10-06
1987cd4be10fe09ee50454f9c354d1c6|0.00047473342441908746|2020-10-06
19e0f40a907ec568c34bfac15de4f4a1|0.6268293037657066|2020-10-06
1a3df491d1c4f1589fc2b934ada68bf2|0.03022620587043406|2020-10-06
1acde099eb406aa220b1169b188b42da|0.563952262391732|2020-10-06
1b0b0f4f95e962d6f32fe90c759d0479|0.6353917195123748|2020-10-06
1b1ae47a313a825a7ccceb8e2e30fa9d|0.0820687337504187|2020-10-06
1b4c3a6f53068f0b6944d2d005c9fc89|0.002549421637805381|2020-10-06
1b7e5006cb25dd23ce8686691013b121|0.029140521791944998|2020-10-06
1b8356dabde1d35e17cef975c3f82730|0.9917187945250131|2020-10-06
1b8b75e227c9a9c100d0c210fb6176ce|0.10208471833800571|2020-10-06
1b938a7ec6ac5061a66a3766e0e75f90|0.012322237955395469|2020-10-06
1bb2bdb95f4841f1bba2c0d2cd83d3c9|0.0014282185340124248|2020-10-06
1bb3812d5f0747a3ab7348f199001a10|0.006743979731803457|2020-10-06
1c129092bf23f28a5930387c980c0dfc|1.7226886291384822e-06|2020-10-06
1c5e4e49b9079480255b49d50aac1aa9|0.7065031660085401|2020-10-06
1c68394e931a64f90ea236c5ea590300|9.435629591847727e-05|2020-10-06
1ca7077d890b907f89be8c954a02686a|4.991381229692192e-07|2020-10-06
1caf283236cd69af44cbc09a0a1e7d32|0.8800283777374261|2020-10-06
1ce3ae5a399804d1a87e706f8a813c3e|0.022683884851699584|2020-10-06
1d0997ff06b524ce9289ffd75114ecd3|0.09168068567053639|2020-10-06
1d139e3a3b14025640d8df1b230aace0|0.7542160399024438|2020-10-06
1d29dfba02015238dfbe2449a5eaa361|0.0008876034094312462|2020-10-06
1d4587203296c8f4ad134dc286fa6db0|0.3313946114776544|2020-10-06
1d8dbc4f32378d715c717c1c1fc57bae|0.0016127262878895931|2020-10-06
1da366cade6d8276e7d8beea7af5d4bf|0.00025918514284568184|2020-10-06
1da3aeb70d7989d1e6d9b0e887f97c23|4.311789589666511e-05|2020-10-06
1dcfa3835714681d4ba4a93bc1e0fd41|0.014953789396375155|2020-10-06
1dd33b8119b3cb1056ed5dc88cd0aaf4|0.0033947027062469345|2020-10-06
1dfe5347016252a7884b694d4f10f5c4|0.002373456797574058|2020-10-06
1e8b33f18b4f7598d87f5cbee2282cc2|0.00209180805741412|2020-10-06
1eade46fba20122dc4aefb379f8c636b|0.0006827755634368127|2020-10-06
1f1bb1f0859883505541bdd6606193e5|0.29727530554641957|2020-10-06
1f50f920176fa81dab994f9023523100|6.6121925843686645e-06|2020-10-06
1f867308a0ce13133a4e639ff4de0c02|0.3566958873371347|2020-10-06
1f9ab4708f3056ede07124aad39a2554|0.0520202202745682|2020-10-06
1fdc574883ef3b33ad41562d93f3a74a|0.06731641415671565|2020-10-06
1fe61aa5494bd3ae92a2c13e067c810f|0.4368192882887224|2020-10-06
2009a095de2a2a41626f6c6d7722678d|0.9981621184843256|2020-10-06
2063dd1b9f568df1c16741ea7d3e6adb|0.13138824633514204|2020-10-06
2089a6d640999f9b9141ac719b2af596|0.2877885928002113|2020-10-06
20cb7c2fde3e5bf10f0bbe7394e1c6a9|0.05205491207890986|2020-10-06
20d53aad4fe5ee93a64f8839609d3586|0.9748459906321109|2020-10-06
20d83f3ef0e6925fd74bfd59170babf7|0.0010373818455358256|2020-10-06
2138ccb85b11a4ec1e37afbd1c8eda1f|0.00804731432768005|2020-10-06
213b25e6f54661939f11710a6fddb871|0.015764945445356508|2020-10-06
2156f2671501a81034d7d07f217609d0|0.1475887805042286|2020-10-06
218d46b86c1881d022bce9c68a7d4b15|2.174765965872162e-06|2020-10-06
218f991754f360af9c2daa5e0b8e990c|0.02723340129203723|2020-10-06
2199e7fe213c16213bf5d6a7eadc9a5d|0.004109209318368805|2020-10-06
21e83881401b92b49fb09a16d3852291|0.013836412614568486|2020-10-06
2235cf78d3e2073a88146a9cb60f0dd0|0.8872376931712739|2020-10-06
229c3efbfb0ea2058de4ccdfbc3d784a|0.008739616764380951|2020-10-06
232a6014e7b10cba61c6c2b2ea6bb4b0|0.050665133676712826|2020-10-06
23613d49c3ac2bd302259e55c06c050c|0.9863775338435496|2020-10-06
236585a4ddb5fea9fa40233e2249ed91|0.12775235027371531|2020-10-06
238fac594e170b59c6d228f5a4f4f1d9|0.010780255916238372|2020-10-06
23d7c96d4a1160db1c726b248601b25a|5.773637880340002e-05|2020-10-06
23ff42c4bf1f8f16cddb19d8b972974a|0.8133333321468497|2020-10-06
244b04680fdbded0acf5aebd9c92b44a|0.08265337172046962|2020-10-06
244c2f1bff6afe1f2eaf9bfe9b2aed38|0.000285193077346363|2020-10-06
2528513dd95219a6013d4d05176e391a|0.00017231095388388297|2020-10-06
2528744c5ef5d955adc318720a94d2e7|0.6309316712421396|2020-10-06
253c025bab43881055aeecde5e2d8b77|0.10005772676477712|2020-10-06
259f7b5e6e482c230e5bfaa670b6bb8f|0.003847558374510421|2020-10-06
25c5c91f63607446a97b143d2d535d31|5.630785217250963e-06|2020-10-06
25cf099de44674fde97473224f9d59ab|0.018769873718604304|2020-10-06
25debeafbce801fdd479539350185eee|0.5850383981930153|2020-10-06
25e6ffe976bd75618accfe16cefcbd0d|1.3888047757562897e-05|2020-10-06
26785a546900236d66f2e4197c211158|0.011484829928765952|2020-10-06
26bad72add1f86e08a776ce4ffdaf1ca|0.42632858320838546|2020-10-06
26d8a1c7c75d513045798992ead43aa2|0.007955495034589704|2020-10-06
270297ead4c65a6cd2593960d2af6b21|0.35022476675810865|2020-10-06
2709af9587499e95e803a6498a5a56e9|0.9358858404129418|2020-10-06
270d3ef21830ad0ecf3a6c53d08a533a|0.7929542060358897|2020-10-06
272f092de69afedd4d2969440b37f18f|0.9956503445477031|2020-10-06
2745f798279e0ed033addcc1474776d7|0.00025137401555203347|2020-10-06
27a56ff04b34c2ba34ce6ba4d3b9d616|0.5344241595282511|2020-10-06
282f23a9769b2690c5dda22e316f9941|6.374823697375037e-07|2020-10-06
28ea411b354f14b1a494be4e79f0ce02|0.00985753725097874|2020-10-06
28fb0829fd777877cdc350d25cb5bd5b|0.16997797119728097|2020-10-06
293dee954235e4e4e43f129313625ebe|0.14113761878156655|2020-10-06
2953ce3a88f5e3c3b696d77fc9e4c8eb|0.9100625655359734|2020-10-06
2a1348e9addc1af5aaa619b1a3679d6b|0.0010581844803303397|2020-10-06
2a261b5b644fa05f4f2700eb93544f2c|0.016627724564568427|2020-10-06
2a50b7ee5aebecc6fd0ff9784a4747d6|0.3876825053604964|2020-10-06
2a5b78b41cd05baeac8df54c6606b92c|0.6986703790046268|2020-10-06
2a61c271b1ac763450d846849783e922|0.017696212929014916|2020-10-06
2a6fbeaa7ab9e5d59a35841a8da71ce4|0.035361838429564904|2020-10-06
2a7c6c0b0d5efde2bf75ec1e1cec2d41|0.0627834842974952|2020-10-06
2a7dc43cecabf23403078e2188437d1d|0.0007908367390471599|2020-10-06
2a84855fd20af891be03bc5924d2b453|0.01384957829822624|2020-10-06
2aa3443d7bf9d9bb11133f420d75e083|0.29056589847966263|2020-10-06
2addf05f476d0637864454e93ba673d5|0.00642490591197976|2020-10-06
2b03ac196f5ed62ac483960fe0fa3b65|0.016461092624414475|2020-10-06
2b1a40c1daabc6ca280c4b815c101841|0.24518450493899627|2020-10-06
2b3e4a2a3ea8e01938cabda2a3e5cc79|0.18216227362389978|2020-10-06
2b5ed0c9139dae8883a200dfcb272ece|0.9745602143496641|2020-10-06
2bd05d410a8fd26dc4184a15f4f2f588|0.2727316109172636|2020-10-06
2be17df1c49978426251562096c3cc09|0.0004543609953139897|2020-10-06
2bf6a2c1e71bbd29a4ad64e6d3c3629f|0.04554430855148388|2020-10-06
2c3d56f92f360fb89d849b84e8f50eae|0.11539723479613634|2020-10-06
2c4c47cb51acd5ea5db5e0ae0e26542a|0.18395761855478365|2020-10-06
2c54051840f19eca309a5423cf22df36|0.411520812946742|2020-10-06
2c9e548be18521d1c43cde1c582c6de8|1.086980207866875e-05|2020-10-06
2d2c62bef4c8ba0dd74e0e228e808539|0.037758013910216645|2020-10-06
2d50d6282f8aa2257819a77bfaa0efe0|6.958171993824595e-06|2020-10-06
2dee2ce60de9709b1a24083217181a1f|0.00010574629767067567|2020-10-06
2e13c71026e1a39ba5cc1b86dcb679aa|0.6019078220311509|2020-10-06
2e1a7d075abe038c1b2743005fe42ff1|0.026357988021742145|2020-10-06
2e1c9f22be269ef4643f826c9e650a52|1.0484594116122874e-05|2020-10-06
2e3be8a987a30d7544dbbda6861cc14e|0.28287623917600224|2020-10-06
2e90cb1677d35cfe24eef47d441b7c87|2.0976600035592174e-05|2020-10-06
2ec6e37d992a95eaddb3369dcbcc76d9|0.9163328872519642|2020-10-06
2ee0a0689f2f6a72f35a7cb6033f6e7e|0.08176975726777382|2020-10-06
2f1e7b90e01d9f086cbcb301c0c3d406|0.9560353904487001|2020-10-06
2f3d8b4c9e2ee165075331fea3f3095a|0.7911762471396373|2020-10-06
2f74af7a0ee5636f12c2336f9fffed47|0.483378820958992|2020-10-06
2fdde51ad3e12f297da656d4fbd5d0b5|0.9975743902599941|2020-10-06
2ff6b7bff164ef05590a52734e1296da|0.34542613560495694|2020-10-06
3078096983cf766a32a06257648502d1|6.352631230788759e-05|2020-10-06
30a2f535bb48308f991d0b9ad4a8c4bb|0.00010348417905414674|2020-10-06
30c7f28fd3a5897b2c82d152bb760c17|0.7345287047673401|2020-10-06
31344c16881c08a8a72c6d2eb29918c1|0.008858480049517338|2020-10-06
318f287a62ab7ac10b703ac37435a231|0.0015925504454560259|2020-10-06
31ae0774c17fabd06ff707cc5bde005f|0.9756868784090986|2020-10-06
31da954dc0855f2495c6310f70a2f931|0.03586158718344386|2020-10-06
325f3178fb58e2a9778334621eecdbf9|0.0025648553024377107|2020-10-06
32f83ffe11cd40f7adcf4eef171f52d9|0.3744364588971116|2020-10-06
3340ef1913fb70d28420f6ceb685c339|0.15446029561811506|2020-10-06
33576ec5412fb5905d876f12f33bfde6|0.000571596704100312|2020-10-06
3361277dc30b7cccdb0c286b24219756|0.008947571706649365|2020-10-06
33a17d60c64393351ebf1ef860f4e0f2|0.375742157318851|2020-10-06
33ac3e28642ab8bda860a2f693000e78|0.03615006088913263|2020-10-06
33c51922b6e3c16b24a8f28e5833c99d|0.006262858473137097|2020-10-06
34056b8b55c1775a22af2331670a799c|0.04573096644101183|2020-10-06
343e716476e3748b069f980efbaa294e|0.8079579653534212|2020-10-06
34d1ca11b242c0fee2c834ae8d788566|0.0684514362862899|2020-10-06
3504c0cb71d7fa48d967e0e4c94d59d9|0.8274161102818985|2020-10-06
35857757f553273b1056c1cabdace7fb|0.8130160507995837|2020-10-06
3586b8580d9c917874e053a1bb37b5ff|0.1713693078821577|2020-10-06
35fb511489d9ee3ee27a76debce9df06|0.9787695807317287|2020-10-06
36a968b544695394e4e9d7572688598f|0.026336580741550424|2020-10-06
37303482a42fb700d8d127e70a9cd6c8|0.23827090708722815|2020-10-06
373ee4a3a775a733770ca3f790b8b9ac|0.007692850847775379|2020-10-06
37515688008a7a40ac93e3b2e4ab203f|3.768671840595381e-06|2020-10-06
376a891762bbdecbc02b4b6adec3fdda|0.0001255281195613844|2020-10-06
3771c85bac139d2344864ede5d9341e3|0.1654498929514215|2020-10-06
3785b653b1b82de85ab47dd139938091|0.915721913331631|2020-10-06
37be5a7c751166fbc5f8ccba4119e043|0.025257908141801778|2020-10-06
37dd29b36c458d82f74a953c40c43645|0.10535003259200795|2020-10-06
38102b031c2a15e54623d711bfc753d3|0.9474900576552147|2020-10-06
381c83fdca332ea6afd896da20bf6e4a|1.6348504435682955e-05|2020-10-06
38874e327ce94d11390b96eb42d61928|0.9990752422029738|2020-10-06
38af8acfd46ac4a7bf754e8ca6736664|0.012129418015310785|2020-10-06
38e679b9e0064cd94c6f035707344dae|0.9998132184590474|2020-10-06
38e6dada03429a47197d5d584d793b41|0.4099220193503265|2020-10-06
38f276ca6e7cc95a6d1bb55ac9e5550f|0.782677870844841|2020-10-06
391fc6631aebcf3004804e51b40bcf1e|0.000211802221998905|2020-10-06
392e0502231ae2f8b29994ef6398cd77|0.37466179506338215|2020-10-06
3969863bb8af7f72580b3b1ffd3a17b3|0.000580608877322253|2020-10-06
39c763cca83e654764b7a4a650fb9b7c|0.259730040003399|2020-10-06
39d54ff918774174706fb065d7f9dc07|0.10084126960571449|2020-10-06
3a1a1fec38dd360f15fc912e821e169d|0.5535299355612204|2020-10-06
3a490ba60afa30ece0e7d50cfe74a4f0|0.0774051677424271|2020-10-06
3a734b715d333a2588a3d54a0c9b8746|0.6077171411897859|2020-10-06
3a79f35a2344ede41af21267f61d5ec6|0.8259703563215328|2020-10-06
3ade81dab5a172b88e1871c28ae05260|0.03524388191022538|2020-10-06
3b15288545f8928d3e65a8f949a28291|0.026077726448633043|2020-10-06
3b872fd4747f01cc56206f2934198618|0.7886039533920506|2020-10-06
3bb548e3cb7f70f28e3f11ee9dce0e59|0.01226591708060682|2020-10-06
3bdff180c7e1f6551a643b99c265a120|0.0002752166679922477|2020-10-06
3be634553519fb6536a03e1358e9fdc7|6.0804605069983635e-05|2020-10-06
3c03b12bab54d8b37d79d914bfdb1aa0|0.5802662281948981|2020-10-06
3c487ae8f8d7542beff5788e2e0aea83|0.017656814234961907|2020-10-06
3c4e0452bff7a2a788179488d3d77032|0.0013861689520473237|2020-10-06
3c7c4a49ec3c6550809089c6a2ca9370|9.195417771353008e-05|2020-10-06
3ca08eeb8d5595949fed424bd3677742|0.1023362403616059|2020-10-06
3d39fbf22a665714baf62fae36029e23|0.01811080464596665|2020-10-06
3d4b1ae7539303b5704493798893e82c|0.043678276204031155|2020-10-06
3d621842b2ed28e2b474132480edac3c|0.5927606200727225|2020-10-06
3d62f86afa7c73be2628a3be1423f5a0|0.09536843870359406|2020-10-06
3d871de0142ce09b7081e2b9d1733cb1|5.848873492192793e-07|2020-10-06
3db66a856d18a9cba7c9241fc5221c50|0.4246510939590567|2020-10-06
3dbbce181edfaa4a597ec858c382d2ec|0.15765993613274584|2020-10-06
3df020b72d3d44b3af9d110fa3940b65|0.0007850909315118379|2020-10-06
3dfd3dc96f7f8598eca74e9ac8a2fa31|0.10441470149227634|2020-10-06
3ea00e1dea2b0659dbaf654735929220|0.9922604512660659|2020-10-06
3f0e48d209018b466fcd3bb4ccfeb520|0.24722346209088378|2020-10-06
3f2af2670e104d1bcb54022274daeac5|0.10998776985705423|2020-10-06
3f3486b61f45078d4f31ee5e43d8c5bb|0.016261917915787256|2020-10-06
3f995f07c49d0d55a99d5c54957f7d81|0.9820625724512672|2020-10-06
3fd1e727ba94cfe122d165e176ce7967|0.02888574888550405|2020-10-06
403aa86912527d730337ffcb0fb096ab|0.09301337196227655|2020-10-06
4049512728d969bec69f84088b012416|0.026067550843265026|2020-10-06
404e1ba01358af4cd63f679b2c4d1fa1|0.5058297382872237|2020-10-06
406822777a0b9eb5c50e442dd4cd3ec5|0.004125444246063925|2020-10-06
40d54b51e962dbe09cabbcfd33298dee|0.5169203757335276|2020-10-06
412a4720f3e9431b4afa1476a1acddbe|0.4429729597969398|2020-10-06
4170f6a9367e6b5d6401d03ce6d54569|0.00717028795085436|2020-10-06
41ab63a91b8b264e8c8780368bf1dd5b|0.1896486125917226|2020-10-06
41b39e28db005d9731d9d485a83b4c38|0.0022838581106359944|2020-10-06
41c2bad7229b0c25e6becf179ebf63ff|0.008517216415146564|2020-10-06
4200ddf1967c5e41e48db62bc6d4b5ac|0.004320288438129588|2020-10-06
42bde9fef835393bb8a8849cb6b7f245|0.026505501023527927|2020-10-06
4305fe92735c8a43d154ff6dd2b8d927|0.8892722682363777|2020-10-06
431af27f296bc6519d890aa5a05fdb11|0.00033642547230971966|2020-10-06
4324dd16853115efb0fd9d0d131ba6f4|0.7920301466470372|2020-10-06
432c37c9dfba871172ec162e20118b8c|0.0012242920274240668|2020-10-06
4371b634e0efc0e22b09b52907d9d469|0.00013887557825456256|2020-10-06
4391ea5c5990502176a1dcda44a2373d|0.05257027364258325|2020-10-06
43f8c9950d11ecd03a0304a49e010da6|1.5273689877126638e-05|2020-10-06
44073f8b7e41514de3b7815dd0237f4f|1.6607986340035142e-05|2020-10-06
440dd6ab244315c632130ecfb63827b1|0.07644173478405765|2020-10-06
44f091b5abab8018f682fce8124b85e5|0.39280787716526705|2020-10-06
45213867cefbf2cd4c6177e10216a951|0.13584823265363508|2020-10-06
4559697a8f7e637227c2eeaed843baff|0.9863573285151398|2020-10-06
458c6fa920810ce2492da71bc26d9eec|0.8791767259921291|2020-10-06
45d33f715e24d15a6ccf5c17b3a23e3c|0.0064168727056035215|2020-10-06
46dc3b2cc0980fb8ec44634e21d2718e|0.5687309320892375|2020-10-06
4736e9d642ef4257cd7622516931eb51|0.004161967194094578|2020-10-06
478bfe564db21eeb44386606aa30b650|0.02327589018146548|2020-10-06
48162d548f5b1b11b9d29d1e01f75a61|0.9050606461405161|2020-10-06
4830e40640734fc1c52cd21127c341d4|6.26864117369829e-07|2020-10-06
48436dade18ac8b2bce089ec2a041202|0.4839228370367544|2020-10-06
4869f7a5dfa277a7dca6462dcf3b52b2|1.7836753793879971e-06|2020-10-06
48bad451945f5227341793478d6353ea|0.876650821193828|2020-10-06
49067458c68f7701fd334ce326accbe0|0.15206735089307474|2020-10-06
4917cee8d902e13428c3ec4b1ca6f315|0.8201886791248194|2020-10-06
4992e76a42cb3aad7a7047e0d3d7e729|0.8537809556846219|2020-10-06
49e7217cfe4e427191c378ec626d8737|0.7437295728032534|2020-10-06
4a3ca9315b744ce9f8e9374361493884|3.2141831143841862e-06|2020-10-06
4a3ccda38b2129705f3fb522db62ca31|1.849429764944863e-06|2020-10-06
4aba391bc3b88717ce08eb11e44937b2|0.0003973344681138974|2020-10-06
4b39558c138930b9e5489c93b6df5fe3|0.2531485613547202|2020-10-06
4b5f66b7adcf57f1ecc0d3c07dd6b177|0.0018484715471293|2020-10-06
4b9750c8ad28220fe6702d4ecb7c898f|0.0012355909594983904|2020-10-06
4b98b0428fc1932cc2514ef9ce2505e6|0.18835935192431214|2020-10-06
4ba52dfeba874da5b9ee7b17c7494f04|0.9523044619543225|2020-10-06
4bf2f4ee540798a61f9636d12cd9cc80|0.0010300687673004446|2020-10-06
4c03b9dd4c11ee2cb35c96c49efc9420|0.9365906537153189|2020-10-06
4c2b230173bb36f9b240f2b8ac11786e|2.8444597395255325e-05|2020-10-06
4c498c7345e89aebad651544829beca0|0.05681145682326077|2020-10-06
4c60877808f4318ef1107fbeb8f89afa|0.015315748810601808|2020-10-06
4c8b8048e33af2bf94f2eb547746a916|0.36092102860460135|2020-10-06
4cf490a58259286ada5ba8525ba9e84a|0.40114400707720976|2020-10-06
4d6d651bd7684af3fffabd5f08d12e5a|0.00027746135656551475|2020-10-06
4da0e408c99d2fdc2126dc9fce518060|0.0031272088931460535|2020-10-06
4dbd95a08b31ede5c82d3f861cb1ce1a|0.9118510078452742|2020-10-06
4e06067cc08b3f41d837768d392c3ee3|0.05136937312929552|2020-10-06
4e0d109ccfba9a1151c103049880c857|0.42395457797688013|2020-10-06
4e17c65a516f69d023a2ae78b84f28d6|0.025196163843873905|2020-10-06
4e42581f08e8cfc7c090f930bac4552a|0.9646333873976489|2020-10-06
4e6015589b781adaa5ce7f1892d06bb1|0.33437393405353566|2020-10-06
4e7c18b98d84e05cbae3ff0ff03846c2|0.0010391078312639473|2020-10-06
4e85b538b0dad58852641540686d0e14|0.713570252600565|2020-10-06
4e922959ae960d389249c378d1c939f5|0.00011513532474384195|2020-10-06
4ea2f12dbe91deeacd2c1e74f069a6e6|0.9472080784629944|2020-10-06
4ebdc7e6cd6102a022dadc49156d4ea8|0.5622280294148801|2020-10-06
4fb41dff7c50136976d1a5cf004a42e2|0.011074880515576842|2020-10-06
5011f0d93373a4c5753adf58ca77af8d|0.23937533322849552|2020-10-06
503c1de08ae81a2d86f17951b204db55|0.21357560054395572|2020-10-06
5058e8c1e82653974541e83690655b4a|0.0013230175094554797|2020-10-06
5075aaa8404020ae6aa8bf4792099b41|0.18383721065172084|2020-10-06
50770d25768b0486d89be26afca3108f|0.09323127273849745|2020-10-06
50c9975695009e5e6473912e83a6d1da|0.03060677956135694|2020-10-06
5160d23075764e18e07c1f4a87fad743|0.006212011841296405|2020-10-06
51702dc2a3e106c76dbff722b5bf0726|0.0014469029900043694|2020-10-06
51a04a8a6bdcb23deccc82b0b80742cf|0.22925560738235956|2020-10-06
51ed72984a04e5dd35c2b27e77179038|0.005508430752818381|2020-10-06
52092ddbd3a58c450a4459bf051b2287|0.006862333755276347|2020-10-06
520b493b57809f446cb0a233bb3e25c7|0.06883401263569984|2020-10-06
522620dcb18a6b31cd7bdf73665113a9|0.9925714720599272|2020-10-06
5236605f4d4b0b3e4df85b850393fca0|0.32344520679590283|2020-10-06
52562a9f449c3dc3d53f5f5b9ed74903|0.2562282407618043|2020-10-06
525e75a6fb1454a2325ab1734bcec221|0.9995868671884329|2020-10-06
527801b552d0077ffd170872eb49683b|1.3167534663109196e-05|2020-10-06
528bcf6680c36dddf07620bd35b33a6f|0.4046951079614587|2020-10-06
52d76513f0c4d97f3b99570e2c94ee31|0.5685965091491487|2020-10-06
52f976b17ea7f2f087f56dcc419328f6|0.0705576271391586|2020-10-06
52f9db5cfb423382a2fa5c9e39303202|0.5454431605021687|2020-10-06
530ec6109d11eaaf87999465c6afee01|0.9919701877088309|2020-10-06
53243585a1d6dc2643021fd1853d8905|6.9322439658138574e-09|2020-10-06
53336f97ddbe53e2a617d07b17447b95|0.5780983505841492|2020-10-06
5343d0649eca2a983820bfe93fc4d17e|0.4318698070622511|2020-10-06
534a01cc6df1e034e05c32028a291fa2|0.6743503860655714|2020-10-06
537eb890efff034a88679788b647c564|0.0035820081059610306|2020-10-06
538caafddff204241cecbf3a02e6b3cf|0.983659912398959|2020-10-06
53b0300ca793f9834cd69c0678d35ee8|0.01894692831505258|2020-10-06
53e4c6e0f4312d4d2107a8c9cddf45cd|0.00010940015426628653|2020-10-06
54219883e72aad869adfb2a54b7bfa0f|0.19057582267764847|2020-10-06
54965bbe3e4f07ae045b90b0b8541f52|0.08984680748993218|2020-10-06
54a1852d1b8f10312c55e906355666ee|2.6993377931017637e-06|2020-10-06
5563732abe64c3036cb97ad924128dd1|0.13577270267421182|2020-10-06
55a5b51f93f2b70ea513f5a047b0262a|0.9973796602862002|2020-10-06
55c96925041a14097b6a7825554f4ad5|0.9799907671236523|2020-10-06
55d3daac7c404d59e51c2aa2f4dc5a23|0.055714207823416025|2020-10-06
562f8cfc51f265411f487d07e9c40e7f|0.08321316056462637|2020-10-06
5656537e588803a555b8eb41f07a944b|6.387182090773522e-07|2020-10-06
56642bcb79900e777d68e91915cb4267|0.9146284221736075|2020-10-06
5721089ba9214e80074f27d5a03fc0eb|0.10582252043568183|2020-10-06
575df70bde3f9f2b30bf8d2e9910d725|0.6508978788424457|2020-10-06
579891617139df7d8671d373f0669622|0.1319287279142962|2020-10-06
57c764b4a836300be881e2ff86e449f9|0.1278385911850045|2020-10-06
57e632711dec9ec14ca7546769483e7e|0.008439310077312908|2020-10-06
57fe6232e67823593374a2281d7a8af8|0.8819411598322744|2020-10-06
582d4f8675b945722eda7c0cb61ba4c7|0.08675829899855751|2020-10-06
5882820ef11c4c068eea0677a7a879b4|0.9014384795732852|2020-10-06
59417c56835dd8e2e72f91f809cd4092|0.910292113487135|2020-10-06
5962468f885ea01a1b6a97a218797b0a|0.7794485565625042|2020-10-06
59b22a78efb79a4797979612b885db36|7.099105699178389e-05|2020-10-06
59cd88080b93f3c18508673122d26169|0.338095377985405|2020-10-06
59de1d4c8c057c2a53acd4ca66531af2|0.3349280453305271|2020-10-06
59fb871bf6f4522a87ba567b42dafecf|0.006046351250706777|2020-10-06
5a8e7d5003a1f221f9e1d6e411de7c23|0.9789817063537327|2020-10-06
5a93f3ab0ef4c84ed5e1b5dbf23978bc|0.1561101625756459|2020-10-06
5ab05b6d86d417796c69ffd6774ec832|0.6057391713396146|2020-10-06
5abb8ea023c77787f2c15da891c8d384|0.021075804969494252|2020-10-06
5acd070dd3fe441bbb2ec1f1ede515ee|0.05299477030907099|2020-10-06
5b33b527da3c5b969cc99dc435cad09a|0.017752328978575344|2020-10-06
5b35136197710e16ac5e7b7c2bd4ea85|0.007228523362286231|2020-10-06
5b51032eddd242adc84c38acab88f23d|0.03733223798807789|2020-10-06
5b581417df4480f632484ba681e53944|0.04262709491383273|2020-10-06
5b664594895aefb418afaee6d40a9a23|0.5870926710195711|2020-10-06
5b67882648febfb6e1225e6ad7164f6b|0.042588603450848556|2020-10-06
5b8154610ebb21fb90eb587365e673df|2.8156856048747872e-05|2020-10-06
5b925e1d006e9476d738aa200751b73b|0.0005131458455346061|2020-10-06
5c243662ce92d84573bfaff24c3e3700|0.5475732713274222|2020-10-06
5c6d4016c2a288f074fa0848a2b653d2|6.0827057596080105e-05|2020-10-06
5cbbd5a299cab112b7bf23862255e43e|8.822364854084429e-05|2020-10-06
5cf13accae3222c70a9cac40818ae839|0.0008571776174424717|2020-10-06
5cf1ec37aea089f45110c70653a166ab|0.9842845244352185|2020-10-06
5d0363b33554b373851fc1622e4d5f3c|0.0013802811254915494|2020-10-06
5d378b73ab7dd6f0418d743e5dcb0bd1|0.06937666242571022|2020-10-06
5d3bb11474a06bdc23fb9e89f1164ee0|0.004738138846903877|2020-10-06
5d9dc90a686a8fddacffab6bab5653a3|0.15730620020436903|2020-10-06
5dceca129747e92ff8ef7a997dc4f8ca|0.00010123659505418934|2020-10-06
5debea795b07621e1f90532e18f96145|0.0032325472032407264|2020-10-06
5e49e3a44bdeb5aab2684258bbd4f525|0.0855509304539115|2020-10-06
5ee7fd217d08dfe5d3e2f51f96a12c9a|0.13866326499952025|2020-10-06
5eeb9c756d9780b96283e5a2ac6da334|0.2643458956928342|2020-10-06
5f1dc28029d2c244352a68107ec2b542|0.005508648757760547|2020-10-06
5f2684dab12e59f83bef73ae57724e45|6.288780302223289e-05|2020-10-06
5f5b43b2bffa8656e4bc6efeb13cc649|0.0013325901351336495|2020-10-06
5f7300535881cef3b625fd683cf7d145|0.9945303016795759|2020-10-06
602044f2c16190c2c6e45eb35c2e21cb|0.00860694710514725|2020-10-06
6039e27294dc75811c0d8a39069f52c0|0.000344257947572622|2020-10-06
60562ab00b8054280520d390c8c0045c|0.04355874740703579|2020-10-06
615005a3ef192c00c6f0e977cee3d2bc|0.00827100240852379|2020-10-06
6187a137b2af59dfdbad8d9f8c373c14|0.7867340768977095|2020-10-06
620c87c171fb2a6dd6e8bb4dec959fc6|3.116201312274067e-05|2020-10-06
6219ba2359cfb97f2e38fd4c321eb309|0.7357015360049943|2020-10-06
624f4ece8da4aafb77699233d480f8ef|0.05417527692994399|2020-10-06
6288c69c4ce638e59925e59193f98b16|0.9971022229381417|2020-10-06
6338ea67c41078a46ad99cc009654956|0.0007243180812724347|2020-10-06
634964b17796e64304cadf1ad3050fb7|4.499599023798817e-05|2020-10-06
63b464dbf392c7b80d12d932fa7cafed|0.010036101218128288|2020-10-06
6426d21aca402a131fc0a5d0960a3c90|0.9652557317443409|2020-10-06
643214e62b870443ccbe55ab29a4dccf|0.003983044323879126|2020-10-06
6481e96574816ead57975da2c0f6d80d|0.1466863491955334|2020-10-06
6560211a19b47992c3666cc44a7e94c0|7.470829060761122e-07|2020-10-06
6562efe88ce0826a4ca4f189f03b4b84|0.9773538677766971|2020-10-06
659e8466eb3ff1b0e8740d74fb7bbedd|0.3051295508373243|2020-10-06
65a7c0788e4d632ccb5e1b594b87f0bb|0.37731418040559417|2020-10-06
65b081a070633e057c462abdd6fb9dd8|0.00023298096052009462|2020-10-06
6601ee6383e7f452be71929f8de48bbb|0.1553861084566067|2020-10-06
6650fcccd8cd2f7e55ffa524f30c4c59|0.9972875711698941|2020-10-06
66922902710d126a0e7d26b0e3805106|0.00011394043130405306|2020-10-06
669ae81880e08f269a64487cfb287169|0.010339855612050584|2020-10-06
66dc1b1632bd6a3e508510c5b3492107|0.038259069014942235|2020-10-06
66e0557ecc2b4dbea057e93f215f68d8|0.002125924059307553|2020-10-06
670a9dda115b5a88b18cfadee8de2332|0.31052880903951474|2020-10-06
670c26e0f1bf8d0576271d5cfaec6d2b|2.6130712445619683e-05|2020-10-06
67225bff54a172ff67579aaf583efd78|0.11066973525521137|2020-10-06
679769a98cfcc6da877c8486ff1c13f3|0.9967642450718801|2020-10-06
67bf6941ba2f1fa1d02c375766bc3e53|0.1781552475709167|2020-10-06
6806dad1da97bfb5a9038eac6881f706|0.006040408656121898|2020-10-06
681fce914360217db47784ae28905a96|0.10888007603021863|2020-10-06
685b870da5b52a710782c9c0fefbeb5b|0.16711448730548217|2020-10-06
6860153b69cc696d5dcfe1cdaaafcf62|0.41312812387076453|2020-10-06
6861de0f40cacb0602e473c51639f980|0.0983238410130983|2020-10-06
68f86ba270525243e68ae74044f992b9|0.07573950452839412|2020-10-06
6902157ee16728322d61a1321fa79e58|0.8013586303939993|2020-10-06
695051e2981c8b19e77cafe450d5bdf3|0.2145002190449226|2020-10-06
6989574bd97d9773f10d232b6c07da59|0.6184926277084196|2020-10-06
6a0cbc8af2e8abd1bdfb777943d174c6|0.006082752928601066|2020-10-06
6a51fc556dab5f766ced6fbc860bc613|0.7262648500534183|2020-10-06
6a8b085f816a1f75f92dbac6eb545f8f|5.3131691199573106e-05|2020-10-06
6b243f80ed07b10f0e8aa0f21a205f3c|0.0024451692378545933|2020-10-06
6b536a23086fba0d58c08d68814397f6|0.013271864044914625|2020-10-06
6bb0724edf0b62fb91ac404873a97241|0.0017983750064126814|2020-10-06
6bbcb8924baf70b7fe2fe2097e8cd407|0.12240872194249869|2020-10-06
6bd69102ab48df500790a8cecfc285c2|0.36035906596881084|2020-10-06
6c12e40690c335dbc2f68a4134d30dc1|0.03513199360075132|2020-10-06
6c177e38df6d3f34182b1f1d427231bf|0.7183109662269325|2020-10-06
6c7d50c24b3ccd2fd83b44d8bb34e073|6.664375221915227e-06|2020-10-06
6cd68b3ed6d59aaa9fece558ad360c0a|0.00016035142121700692|2020-10-06
6d22a1fcebb6dd08c9cd90b92a93e8d0|0.01834366594180541|2020-10-06
6d66611d7c44cc30ce351abc49a68421|1.357884904356069e-05|2020-10-06
6d803cb79cc31c41c4c789a75933b3c7|0.0002787073441848171|2020-10-06
6d988d6174a2c27441597174f8905515|0.9827871630657591|2020-10-06
6dd7dce75cd55c1ce255dc38d9f0cd46|0.10267978502644506|2020-10-06
6df688df543f90e9b38f4319e75a9d88|0.7721535781866772|2020-10-06
6e864f5c4669eff3d98140a07cc50202|0.5156408518827996|2020-10-06
6ec1a01e866584bb679eb9b098345919|0.4195442918738399|2020-10-06
6edacfd9f9074789dad6d62ba7950b9c|0.0001767748691454504|2020-10-06
6f892e20a171e98efe17fdb971ff319b|0.0011695477114440312|2020-10-06
6fc26fe110feebd80a433e1f012a84f9|0.08871466514819594|2020-10-06
6fd52c528dcb38be2eea044946b811f8|7.055801193082308e-06|2020-10-06
7008613ea464bad5cb9b83456e1e6a8f|0.008795081538897668|2020-10-06
700f03c207639c22d933381ff60b35c2|0.9361380071743372|2020-10-06
701938c450705b8ae65fc923b70f35c7|0.12395058561790913|2020-10-06
7040e82f899a04d1b434b795a43b4617|7.569974657697889e-08|2020-10-06
70849ca4f400aaabb62cb7462a6f1428|0.08165333149940185|2020-10-06
709e16e2b25c7474d980076c6bfc4806|0.0006067787129841917|2020-10-06
70a12e78e608ac31179aea7f8422044b|5.324294628604076e-06|2020-10-06
70eea00b476a314817cefde4aad4f89a|2.8006299927801083e-05|2020-10-06
71039d19d4303bf9054d69e9a9236699|1.346188562454106e-05|2020-10-06
710e3548e02bc1d2831dfc4f1b5b14d4|0.9575414263761027|2020-10-06
71271995e85f5b8530be99ed54a91b89|0.04108338835998558|2020-10-06
712e6ed8aa4aa1fa65dab41fed5737e4|0.0001589821216552652|2020-10-06
7142540dd4c91e2237acb7e911c4eba2|4.5944923779471544e-05|2020-10-06
715bbd5ba4e6b74cb0d2f29eb45058b0|0.010298465229206227|2020-10-06
7178f9f4dd81dcef02f62acdf8151e01|4.261203624389359e-05|2020-10-06
71dc18fd8cbf5fd77f45dd8b427abb34|0.6848128436567837|2020-10-06
7202e2ba20579a9bd1acb29e61fe71f6|0.002338009581891541|2020-10-06
725af026f869236a8dd0ceb98564d156|0.11822009267508754|2020-10-06
725c32fa80c2faacc4fc88450d27314e|0.0011033846257321313|2020-10-06
7299e27ed73d2ad986de7f7c77d919fa|5.384139038992798e-06|2020-10-06
729b2d09b2a0bdab221076327f13d050|0.20249386342877937|2020-10-06
729f06993dac8e860d4f02d7088ca48a|0.04827203528574614|2020-10-06
72bc2cce903c872fe376a8faaa81d237|0.1299925814556621|2020-10-06
731ef20c231d9a7103a425e83fd91271|0.35970517353108805|2020-10-06
73a63f72308aa20a46f4b1632018f196|0.15779251317659923|2020-10-06
744dac408745240a2c2528fb1b6028f3|0.00021556243542716387|2020-10-06
74a9b9bddf14ece02beb81f52c41a88d|0.7633143668118967|2020-10-06
74bafed391319577bce6f4d2acc0589a|0.7272216697703475|2020-10-06
74c7dec0a384d8a05950e629bd23bde9|0.8243369909031344|2020-10-06
750303a20e9c56b2a6bc45cdce0b897d|0.010443859848817728|2020-10-06
751bdc4d83a466c7206cd42e8f426b03|0.000141696079841221|2020-10-06
75a4764c108403a7a0575140cb22287c|0.21364801281267773|2020-10-06
75d34ebb1bd0bd7dde40dd507b8169c3|0.08203893597246405|2020-10-06
75fbb52eda0cbc24f479d3b2fbfa8d3e|0.6550088251019265|2020-10-06
762ed976527cddf02787edba70fffa2a|0.055983740017436716|2020-10-06
76623fde66e6b63b59440fd34160512d|0.7590640236116761|2020-10-06
76833248bbc0e65a0293ec62023e4396|0.3109467302889674|2020-10-06
768de2a4fc06aacecb9a586ccc30746a|0.08919657105259247|2020-10-06
76c47a299e4a8fe992316a85865acbe9|0.42765380286717675|2020-10-06
76d5af76d0271110f9af36c92573f765|0.0029439686818365667|2020-10-06
76d64c4aca3a7baf218bf93ef7fa768d|0.00080575583417814|2020-10-06
7722b1df1b0e383e000397b2c11e3e19|5.3235107934677256e-05|2020-10-06
77530e9772f57a62c906e1c21538ab82|0.0036045221755633336|2020-10-06
7813ea3ebd9411dc600b4dd01f7a97b9|0.01930667739454263|2020-10-06
781a66c0d89e30814d49fe8b5e14cd07|0.9024704454543867|2020-10-06
784ba75dd9d20200c4caed3d7a77141a|0.00036026741789381525|2020-10-06
78744a20ee2f80ba64f6804c25def2b8|0.5013402153410189|2020-10-06
78a4d36f65a019172c6154468831a69f|0.2814474699725846|2020-10-06
7963e546f34e098b578f9ad102494601|0.7788535267137194|2020-10-06
79ebd9a61bac3eaf882805ed4ecfa12a|0.00023655730393648024|2020-10-06
79ed755314cfe6df0daef2c6cd3022cd|0.7585362781509173|2020-10-06
7a241947449cc45dbfda4f9d0798d9d0|0.20057673270350987|2020-10-06
7a2d2949aea47fab95fd98d6c9f618b1|0.014854602810922261|2020-10-06
7a425d299613df3e613bcf9d2eaf5c49|0.0991566349135189|2020-10-06
7a67c85e85bb2ce8582c35f2203ad736|4.055968069421921e-07|2020-10-06
7aa4334be125fcdd2ba64b3180029f14|0.005445298882275754|2020-10-06
7b07b3c7487f0ea825fc6df75abd658b|0.0060220451676779975|2020-10-06
7b0df942f46435babab05d49b744b2c4|0.008236414092953268|2020-10-06
7b1222c3624aa89b9558b50a2594188c|0.010362622480279823|2020-10-06
7b3447b497e55af8c15fc7bd89d7b81a|0.18471335672051029|2020-10-06
7b3f6ce5c6c22e9b96e7581ebf0df6e1|0.15549751669116735|2020-10-06
7bac63f6603d382cc8d0832eb6c100a8|0.20986985338576086|2020-10-06
7c1fea10b5b006671d608b1d7c446ec4|0.006854875110284398|2020-10-06
7c4618c82226628831613e95e9c22f44|0.060574759438263535|2020-10-06
7c67e1448b00f6e969d365cea6b010ab|0.007447237073073323|2020-10-06
7cb946b1ad19faebe28c3e86c2794ec3|0.7050689597867246|2020-10-06
7d456afc660226829370f3173d14520c|0.5944333046268714|2020-10-06
7d76b645482be4a332374e8223836592|3.266860865165185e-05|2020-10-06
7dc8c42cc750eeafea6c85712ffee9bf|0.42842063251137885|2020-10-06
7ddcbb64b5bc1ef36ca8c151f6ec77df|3.644998499549866e-05|2020-10-06
7e1fb0a3ebfb01ffb3a7dae98bf3238d|0.00012697018132154872|2020-10-06
7e26c750b4cb9f6766f58265ff9ebe95|0.6563701671505174|2020-10-06
7e3f87d16fb353f408d467e74fbd8014|4.336006068629655e-05|2020-10-06
7e79d65b5c6f1f544b7daea036acf720|0.5951897090502779|2020-10-06
7e93a43ef30c4f03f38b393420bc753a|0.0021538669747310796|2020-10-06
7ea5bfa6c340f58f8e71fc1f0412b0d6|4.359631431493908e-05|2020-10-06
7ecd59e5e20407131822c1a68ac59c1f|0.00014946825336234072|2020-10-06
7ecef8194babfec876ca720714327841|0.9912430840542249|2020-10-06
7f152321c60a266edc53af1925ef96c1|0.010201065315049381|2020-10-06
7f2617c58d5d06806987308b45654351|0.9622505632011574|2020-10-06
8090490573c6c0aa343a7231ebcb8c86|0.3587374944450758|2020-10-06
809413606dbfe5deefd2db646693ef67|0.6942114119418127|2020-10-06
80e6699fe29150b372a0c8a1ebf7dcc8|0.0017584476065080712|2020-10-06
813348c996469b40f2e028d5429d3495|2.8988892266800028e-05|2020-10-06
81336a0f57a33776419727a300249e90|0.1631609681049768|2020-10-06
8160255418d5aaa7dbdc9f4c64ebda44|1.1799916565935706e-06|2020-10-06
817245bcc3badd82bbd222e0366951a6|0.034264274493462|2020-10-06
81a1104df0f08b59c68aa5b03cfe398e|0.004075471541195732|2020-10-06
81ed90f07c0bacb7594940ba2ef676aa|0.21144249062386203|2020-10-06
820cc752a266cdc6c1a1e61dd4583330|0.020690944079499198|2020-10-06
822166ed1e47908f7cfb49946d03c726|0.0001955209942993465|2020-10-06
822bad9bc42b51213ba522fe87b7ab5d|0.03228619681256227|2020-10-06
827f8f69dfa529c561901c4f2e0f332f|0.24155696557918965|2020-10-06
82e0a475a88cc9595229d8029273f045|0.0486647063382696|2020-10-06
83353a83fd769dfafa4f21a72b15e3e5|0.03398645374987237|2020-10-06
834f3294fba9f932f56edc879193f925|0.5873635373731831|2020-10-06
834f8533b2ecb6598dd004ff3de7203a|4.0665660007943465e-05|2020-10-06
835f0f7810c76831d6c7d24c7a646d4d|0.0008338271685100309|2020-10-06
83645b1645cdee8953ee54c29ceed564|0.4788189214157271|2020-10-06
8378eb36b6b70c5734e83ad7b8cdc3b7|0.47126378635871685|2020-10-06
83b08de96980757220871b31bf6cffca|0.26207171365591997|2020-10-06
83deb69e889cf80f82be1dc6d5f2d486|0.00800466757278812|2020-10-06
83e197e95a1bbabc8c75e883ed016c47|0.04240198333041396|2020-10-06
8444e55c1f13cd5c179851e5ca5ebd00|0.00020122864859738296|2020-10-06
84deb808079d1be601c209c1e771b1cc|0.8746703137177239|2020-10-06
850f4f8af5ea87287ac68de36e29107f|3.7237726897059454e-05|2020-10-06
855668e0971d4dfd7bef1b6a4133b41b|0.00021539741328682548|2020-10-06
8581055ce74af1daba164fdbd55a40de|1.3054998795475108e-05|2020-10-06
85d9eb9ddc5d00ca9336a2219c97bb13|0.009284489443925575|2020-10-06
85e7c62c1d6ea078c3897424f867a7c8|0.0070580417066704705|2020-10-06
8602a61d680a10a82cceeeda0d99ea3d|0.8373674440340073|2020-10-06
8603f0038fe0e52fedd3382d266723de|0.8864300015326013|2020-10-06
863d2ebcd347ce4922de7a0f9a5581d6|0.2775659071994081|2020-10-06
8648b1e89e9b349e32d3741b30ec737e|0.0013478540199621893|2020-10-06
866558b3bccef2dbc6d29a2b5995016f|0.059355544637103075|2020-10-06
86bb7c4b535e49a541baf3266b1c95b1|0.30194250516107973|2020-10-06
86ccac0b835037332a596a33b6949ee1|0.4291470703097815|2020-10-06
870d0118f7a9d85960f29ad89d5d989a|0.00026792479253517416|2020-10-06
87142160b41353c4e5fca2360caf6f92|1.5130293363318754e-05|2020-10-06
8759e7aedd644f487315e5860962f162|0.1402565538490147|2020-10-06
87b740daf17b5d1be335a64164ec6842|0.08491540950828214|2020-10-06
87d30a6a0cbf89356e49324971ab1d24|0.009062404667003077|2020-10-06
883dd81e82754ac2c65e9790a7db8c9a|0.4965719297398335|2020-10-06
88460e8ebdecbfecb5f9601833981930|3.765230875138596e-05|2020-10-06
888faa8bfb0b159c37de6d898b961c31|0.8425419200414599|2020-10-06
891071be6ba827b591264c90c2ae8a63|0.4038637415976141|2020-10-06
8931a84a914b3fe9b1ddaa4d704947ca|0.21343022586010388|2020-10-06
897060da8b9a21f655304d50fd935913|0.0920476858611811|2020-10-06
89c127985a8b130cfa45c1d36764017a|0.00225082033172733|2020-10-06
8a130737016f838139d31878787a39c9|0.0025279633453008667|2020-10-06
8a207b6080964f3c1fc9d35bd6096ba4|0.3764941034631706|2020-10-06
8a2d12a90e92f012ce5226fc6592b653|0.008045429515800439|2020-10-06
8a32e327fe2c1b3511609d81aaf9f042|0.972801748762049|2020-10-06
8a40ae794fa3f9892cee24bd5af0488b|0.05297844313785708|2020-10-06
8ab42aa58097fd4668d60cc648225d5f|0.07639190884659228|2020-10-06
8ae520247981aa06bc94abddf5f46d34|0.0015327045700693018|2020-10-06
8b2492b7ff4468839593fafeed55bad9|0.09669650143782327|2020-10-06
8b28d096634035667e8263d57ba3368c|6.766358428325698e-06|2020-10-06
8b321bb669392f5163d04c59e235e066|3.2984632224171483e-07|2020-10-06
8b87cd0d43d49b9bdf40f56229364d59|0.021855950394839688|2020-10-06
8b8cfc8305aa441e4239358c9f6f2485|0.021057202745539426|2020-10-06
8bb48dc19fccaa8613b6229bf7f452a2|1.1125587581423244e-05|2020-10-06
8bd0e3abda539b9479c4b44a691be1ec|0.9706005899723016|2020-10-06
8bd0f31cf0a614c658f6763bd02dea69|0.002664512058860867|2020-10-06
8c16d1f32a54d92897cc437244442e1b|0.2677020773327822|2020-10-06
8c351ed7c326c62123318f4f3246e906|0.03363175596268127|2020-10-06
8ca5b19e0263150d2c57afdde2b3d011|0.6807905409208735|2020-10-06
8cbac7e12637ed9cffa18c7875207478|0.0004927806083991474|2020-10-06
8cf21434553b02cbd37c0bbd07e041b0|0.11063392018572246|2020-10-06
8d46553a36e68f95350a200c12f8f2e2|0.06702401944128777|2020-10-06
8d79c8a04e42d722a75097ce5cbcf2ef|0.9722075585561212|2020-10-06
8d956fec2e4337affcb520f56fd8cbfd|0.024202180294365248|2020-10-06
8e2b3afb420011ef0c88c9d5f11ea526|0.905164690188008|2020-10-06
8e6cc767478edae941d9bd9eb778d77a|0.9554554239289654|2020-10-06
8e6d7754bc7e0f22c96d255ebda59eba|0.07452222395970248|2020-10-06
8e8a7ce9f2f970dc00e2acf6f6e199f6|0.01030730173217243|2020-10-06
8ea394aed8138685abe1eb9f25e1021d|0.15295443862221633|2020-10-06
8ec76bb0965af3f007692b26fa9d6623|0.035622957956010566|2020-10-06
8f119a0aee85c0c8fc534629734e94fd|0.1664317864329172|2020-10-06
8f2ce03f928b567e3d56181ae20ae952|9.199208529138597e-05|2020-10-06
8f54d64f28a993550aa7943f12572959|0.027891975599998398|2020-10-06
8f580d36c1e9d6fbce95283403c7d447|0.12012123486273998|2020-10-06
8f78f0903005064036736c7173a5c2ed|0.000701172620894428|2020-10-06
8fe8786ee000001ab51d030dfd4a7bf1|0.19210513073454952|2020-10-06
8ff1a9df749e454105c55cda13e79143|0.02151178000228964|2020-10-06
900ba814c251a692506d7834c1218441|0.017248652509786758|2020-10-06
901b460cdce0c64e471230d7f2f9f3a3|0.007087563913069943|2020-10-06
903037660cf848a717166eb7a06d616e|0.1733821142133006|2020-10-06
91543f9849d68d023e17194926598543|0.6585393761012064|2020-10-06
916748bc99315c2d202898ae58b1617e|0.9134612999157861|2020-10-06
916c9de0b5ad957346eeeb12f332687e|0.1038719095725213|2020-10-06
918717417d88a9f9ae9735567e6c7682|0.07568454353398153|2020-10-06
91f0eec23d4a61d7d7caeefa3f0ad1ca|0.19566917436935066|2020-10-06
91f5779a8731baca4809fdeade81803f|0.25882546617847274|2020-10-06
921323538c9f1c4e816f2720eac02bea|0.9703569813428315|2020-10-06
92d14edfb62ee5ae7fdff70b0f4e7233|0.21230888693762515|2020-10-06
92eb0f42c21942b6552362b9b114707d|0.8914961461076343|2020-10-06
93b9a99027bd8bd6af682aff18dd19bf|0.004627884677439076|2020-10-06
93dc87703c046b603023e75222018b45|0.053218856669254945|2020-10-06
94144541854e298c2d976cb893b81343|0.32315512320274803|2020-10-06
9485a23c0430ba1d58d359391606fce6|0.13816754131513725|2020-10-06
94b9108d4b637ba65bb4f1e53cfcf8d8|0.8673909925781519|2020-10-06
94ca168e8bcb407ab85c5da308863027|0.5815598538737207|2020-10-06
9539213aa8e023c01937bef95dc006da|0.9437793597561885|2020-10-06
954e95f20808d7e5d11f0de292d078e0|0.7424620891248995|2020-10-06
955fee9216a65b617aa5c0531780ce60|2.860669440922329e-06|2020-10-06
9596c870880d900012f2e8e6e30d06d7|0.2711081605633482|2020-10-06
95b293867b5862941c9cd74f756a3c68|0.3299080382536684|2020-10-06
95e03ca3d4146e4011985981aeb959b9|1.532463705892859e-05|2020-10-06
95f83f51203c626648c875dd41874c7f|0.0004308440586231875|2020-10-06
9616352088dcf83a7c06637f4ebf1c80|0.0016503190055677972|2020-10-06
9646c3513289980f17226a2fc4720dbd|0.17428126518917383|2020-10-06
96493fab2fbb13a14d0c0e8772eef5c3|0.000352826429575749|2020-10-06
9674754b5a0cb32b638cec001178f799|6.887197416566602e-06|2020-10-06
96804ea39d96eb908e7c3afdb671bb9e|0.00010695915474535667|2020-10-06
968ee78631915a63fef426d6733d7422|0.8907586046792142|2020-10-06
972d0f9cf61b499a4812cf0bfa3ad3c4|3.4552813569842856e-06|2020-10-06
973f21788dfab357250f69a8dcb7ddee|0.017861106227331246|2020-10-06
974cf2cb8f4b7add98709c30df02fe10|0.019222771103181043|2020-10-06
977f9f63dd360c2a32ece2f93ad6d306|0.0039213668773074315|2020-10-06
97e995629983723d11830a829bc2b246|0.03001767580607366|2020-10-06
984c273121e743dd14767befe6cb17f5|0.8838158685384084|2020-10-06
9853a239ab7b7ebbdc3a21248d5b8e1f|0.8522855233842771|2020-10-06
989becdce12ebc39863c2bceab6f3ca1|0.9914673817702474|2020-10-06
98dac6635aee4995d501a3972e047414|9.842936519514455e-05|2020-10-06
99002261c568a84cce14d43fcffb43ea|0.1587971339485379|2020-10-06
994f04b3718c2bab35c2adfa8afecd2a|0.00042460595597175596|2020-10-06
9996ae921c50e8dff411ac69c0b4bb8b|0.5307944782602853|2020-10-06
99eaacc9e6046db1c82b163c5f84869f|0.026590178601068368|2020-10-06
9a84ba99f5367fdbd4598363496f1ea2|0.998578078452568|2020-10-06
9add47bf45ce8e8c7db6b9cf670b1e09|0.5419933454244077|2020-10-06
9b00cad94ef3078faf6fba2e792c158f|0.249062542409131|2020-10-06
9b00ed88b7fdb95d6ff76e27c1b52d16|0.0001630728167624417|2020-10-06
9b013e03b2ab786505a1d3b5c0756754|4.107695300906715e-05|2020-10-06
9b522ba7eae9e1d04082f267144583cc|0.4006223593968393|2020-10-06
9baf5cb77970f539089d09a38bcec5c3|0.24526009492549383|2020-10-06
9bc484c87d79cd4874e05ca182658045|0.0518989841168241|2020-10-06
9bcdfa7b615b3abb9461d9e3ad9886ae|0.1693647014434955|2020-10-06
9bf11dfc0bec77e5a23028043c3c5a8f|0.02798416873802331|2020-10-06
9c068d10aca38e85c50202e17b4a7e88|0.011274927932901633|2020-10-06
9c0e69c7bf2619675bbadf47b43f655a|0.9189139650479212|2020-10-06
9c3c24eca51c52b91c1de727d2a2ae06|0.9958771956281172|2020-10-06
9d39404483343dd55c7ae254494d8388|0.01644946210931704|2020-10-06
9d4db00d65d7760644ac0c14edb5fd86|0.16252441909263793|2020-10-06
9d5604a1f112324ad6b2aa552122e0fb|0.5578335937541218|2020-10-06
9d5a9018aee56acb367ba9c3f05d1d6a|0.080498202080739|2020-10-06
9d7a1d34a5052409006425275ba1c2b4|0.015759052023257697|2020-10-06
9dd59e43f0c9f0553244e8f9c2fb247e|0.003519379461005312|2020-10-06
9dda5bbacd45e18d6485fee649205d09|0.007428651582623449|2020-10-06
9de4643a8dbde634fe55621059d92273|0.03323337790764794|2020-10-06
9df5750209b83567ec144eb299d7d634|0.9802939263001121|2020-10-06
9e6229250fedbe05838fef417b74e7fb|0.31764725490548473|2020-10-06
9e9b539eb2806acee3f5c28085c1db9f|0.001058206176993419|2020-10-06
9ed65337433adfbedefd23dd76eaa494|0.14291253705577026|2020-10-06
9ef932e837d8b7f392c0bfee9d359dc2|0.11657319447032413|2020-10-06
9f505651f4a6abe901a56cdc21508025|4.3833044989862797e-07|2020-10-06
9fc70243fb26800cba56e8f014797004|0.05764386616740311|2020-10-06
a00824eb9093d40e589b940ec45c4eb0|0.13548411731898688|2020-10-06
a0415d9b25ede3c4b1e477e9916ffc03|0.5034664538020004|2020-10-06
a066df7361163e7ddc5d7452dd17448b|0.003566642428754649|2020-10-06
a08692680c77d30a0b4280da5df01c5a|0.5755949745894563|2020-10-06
a09a13f18ed27932d08438aa6f12756e|0.7507854703742153|2020-10-06
a1043bafd471dff536d0c462352beb48|1.9116533880479398e-05|2020-10-06
a13580f0e8f782b7a543885a0ef99f08|0.018099728298942293|2020-10-06
a1474fd46fd3430168f7ec202da39408|0.41022470693123664|2020-10-06
a1544b9ea0b2390e020537d4daa89049|0.0015643141711059111|2020-10-06
a17f621c590ea0fab3d5d883e1630ec6|0.27783692407872723|2020-10-06
a20d8058c866dbaeca014d2cd20ac62e|0.08648791194640906|2020-10-06
a23266650e7c84bb93fbbba502137478|0.0009892336217216277|2020-10-06
a2a41aedb70551d4a85aa04dc2fced48|0.133351260880043|2020-10-06
a2e874074c877c5a05abae80ad6e488f|0.05124153550412686|2020-10-06
a2fa0bdc798ee84cdb08281337cf4fb6|0.9472475478422132|2020-10-06
a353b1083c9863d756d9404695016d64|0.04244976783807646|2020-10-06
a369d693961cb93b61ca2cc518872a85|0.004500049549677461|2020-10-06
a36b125ac6d5fdbc7f50de85c9157bdc|0.992295774450964|2020-10-06
a3a38f4affed601eb87a97788c949667|0.029155584067515023|2020-10-06
a3dd39f583bc80bd8c5901c95878921e|0.006589992707253875|2020-10-06
a3e9a2c700480d9bb01fba070ba80a0e|0.000145523207082554|2020-10-06
a3f0b55de503387383c7b1de3ad7f678|0.033637215201469145|2020-10-06
a416b6a846a11724393025641d4edd5e|9.609024132120878e-05|2020-10-06
a420f60ff1aa9acc80d0e42959f2b313|0.017998658983385537|2020-10-06
a425f92c199eb576938df686728acd20|0.0008282531724677211|2020-10-06
a44fb5a447105f8469bdf16bf9159f25|0.6502016956896396|2020-10-06
a49928bcdf77c55c6d6e05e09a9b4ca5|4.24139085086634e-05|2020-10-06
a513150f33f99a06569e9cd5c4bb889b|0.8277910957971202|2020-10-06
a5259c149128e82c9d6d46e0c1c812bb|0.4246300863746898|2020-10-06
a5cba26a62b8b4d0145b68b841e62e7f|0.03671794224401224|2020-10-06
a5dd1946fb63ada8bcaa0c9cd8f11e22|0.8896596043352365|2020-10-06
a673821011d0cec28146ea42f5ab767f|0.0024772034633307087|2020-10-06
a67780aba9dd436e7ac0aa1f889e73ec|0.12398264025081548|2020-10-06
a6bd7d1ccdac48c6b33b28596b7eb122|0.10754067952113419|2020-10-06
a6fe7de3d16f6149ffe280349a8535a0|0.00016723845751852044|2020-10-06
a70e9066dbfd10b6b97a3f54a1356762|0.9843626377584944|2020-10-06
a81466620e46a6970b22ef40379fdfc9|0.8663439888821862|2020-10-06
a888faf2d1baececa6baf9c3d603ee1f|0.02281976472183725|2020-10-06
a938325a4b357fd23a6a4d5bb126408e|0.00039223502948714585|2020-10-06
a99504ac23ed125aaf5302af6cc30af9|0.1019445903573324|2020-10-06
a9ae440659f48b7849df83e82734150b|0.9966617239357942|2020-10-06
a9b533a26e898b12e8b8d4c07279bf4d|0.5208650546141946|2020-10-06
aa1eb17b9fdf6dfd546e25c45c7b9235|0.8183242367120945|2020-10-06
aac29b1b99776be73c3049939652091d|9.290966764187818e-05|2020-10-06
aae3bfea055532c57fb453ed3ec80b30|0.0015326607273578345|2020-10-06
aae5953b9edddf14749c0d65d60eb4b9|0.65740376772989|2020-10-06
aaed1309374718fdd995ee4c58c9dfcd|0.0015505756896094973|2020-10-06
aafe36600ce604f205b86b5084d3d767|0.004071247755454181|2020-10-06
ab27bbbad5239bc31a34709275a70db4|0.7605699865057471|2020-10-06
aba1721a889e04decc910aa13b768ef4|0.00416244297206212|2020-10-06
abc015ebac1d283a323ca9db35ede4b9|0.007079267427107461|2020-10-06
abcd2cb37d46c2c8fb1bf071c859fc5b|0.006622209633913934|2020-10-06
abe42c5d03695b4257b5c6cbf4e6784e|0.0006937787605552586|2020-10-06
ac3508719a1d8f5b7614b798f70af136|7.926783880058965e-07|2020-10-06
ac6417315ae5da8f9a38ee11de6f7780|0.4790701004917684|2020-10-06
acadd4d36859671cb635527c6c977533|0.01717353899278387|2020-10-06
aced59e9b31ef866a94f9e7f29d8d418|0.002251626403824803|2020-10-06
acf974e4d5950ad143a247471b831eb9|0.9833654460025203|2020-10-06
ad273c9eb54ecb4532de4bf75bae9e4e|0.5591080418056441|2020-10-06
ad420dd0c4f92f8af951ac24b86d0cf5|0.16106725059783175|2020-10-06
ad781527c93d00d89a11eecd9dcad7c1|0.5913876062896251|2020-10-06
ad8b531ae67582f096925cff5630d0d1|0.03847149089352446|2020-10-06
ad97a199236354e53fcd91a5a913e9a2|0.0072020699907082075|2020-10-06
adbc26658d6c7b4b6219f9d934598091|2.090998014392619e-06|2020-10-06
adbe70ab2c97442046d393988c8d1d27|0.49776749095497613|2020-10-06
ae45ad30c2d2e5913094769690a239d2|0.8682706346623703|2020-10-06
af4a0e4cfe1d9c26b6712b1be25a72e5|0.07253590348991916|2020-10-06
afa6714acee029b2dfdf357e5579cc03|0.5703238506173891|2020-10-06
afe0067131b73e40875c9b6c10bd2e21|0.003339576679994036|2020-10-06
b080809eaacb49e5ca07290981472431|0.3334777442210409|2020-10-06
b0b346d3a89f5eb4c2968af3f083cd43|0.24199300527003767|2020-10-06
b12cfd255810394b60caef18ae163547|0.05697568669984876|2020-10-06
b14db04aa7881970e83ffa9426897925|0.9374856950427084|2020-10-06
b17b679f4f5ce2e03ce6968c62648246|0.19207986184567782|2020-10-06
b18dc380845b24038cfc48006478f099|0.35009283652851764|2020-10-06
b19f3ca2ea475913750f25a5c37c8d8f|0.020069370631031695|2020-10-06
b1ac6ea7895bc3dd6f0f6f4abbdd2821|0.2967171815374414|2020-10-06
b1fc4f64df5a0e8b6913ab38803c57a9|0.0011863384394187816|2020-10-06
b2a6d334e2833acea353624840e25a0e|0.0008850407259109693|2020-10-06
b2ac621f0d0322434d04a12b078b9369|0.30468890668044196|2020-10-06
b2ba3715d723d245138f291a6fe42594|3.0330640225952842e-05|2020-10-06
b2eecf5ea250510da76590ca79d60e5d|0.41728097572083384|2020-10-06
b32be1695eb7ec5f10f72d9610a12527|0.007328355919754472|2020-10-06
b335c59ab742f751a85db9c411a86739|0.9261769035225124|2020-10-06
b33e7c55446eabf8fe1a42d037ac7d6d|1.3642904905249894e-06|2020-10-06
b347677812ea483b0f528eaf8cbc09b7|0.006311108730452142|2020-10-06
b372ee768ed69e46ca8cdbd267aa7a38|0.004449334525185716|2020-10-06
b37c4c02bda3161a7546a4e6d222d5b2|0.9999312898561931|2020-10-06
b39d7fe263ef469605dbb32608aee0af|0.13285863902660427|2020-10-06
b45d7ebfb7378630f1bcd74b6ff86ff7|0.48465369048432955|2020-10-06
b499c00f28f4b7069ff6550af8c1348a|2.414877762245495e-05|2020-10-06
b4a476fbd28de64b1e347abf9089366a|0.6887027867079901|2020-10-06
b4ffb71f0cb1b1c3d63fad021ecf93e1|2.1072293264590906e-05|2020-10-06
b55638ad525e906c698fa2ce742c1742|0.13566720968337476|2020-10-06
b56828a9f9027f3c918c04ca720d9e3c|0.6030446387014047|2020-10-06
b56906f7fd1696e043f1bcce164c487b|0.9166911100244498|2020-10-06
b5abf4f36adc043117b4fca82c22984c|0.029415395293348575|2020-10-06
b6d44737c043328708f6749c2dbe50bd|0.9043764005370205|2020-10-06
b6dc74ed30f124f95227bed4e43a3bed|0.2858977147589902|2020-10-06
b6e1504972665f739dec4facb9943775|0.7952135242034036|2020-10-06
b76a1f8356322f12529c37b67d5c96c2|0.06979807457587929|2020-10-06
b76dba6c951ab00dc4edf0a1aa88037e|0.001461977003664175|2020-10-06
b7cc6c5e001441ae8cdd5c69a480cbe4|0.7987120443213959|2020-10-06
b7ed9fb14c8eadb37adb9c45d67ab0fb|0.08695474074695723|2020-10-06
b83cedfb587e7911540e3f576d6917ce|0.3233176727723979|2020-10-06
b8555308bfdb4ca1ed54325a58da9a97|0.005704620316251234|2020-10-06
b8630e1121437d41cb08e3c749c2c2e2|0.23421880207837342|2020-10-06
b88e7c57cb2d8b973b7dd4a2bfa14b36|0.5439560422884908|2020-10-06
b8bc237ba3788b23da09c0f1f3a3288c|0.003452030161020596|2020-10-06
b8d890108a7a80e4f5d59eea9f362438|0.7115761508553239|2020-10-06
b90e891671cffd9557f33a97dc523645|0.03416580669933836|2020-10-06
b92e3c8f9738272ff7c59e111e108d7c|5.683139000894623e-05|2020-10-06
b94cc9f10ddc85e4ba73a6f7974e7101|0.11508415898802786|2020-10-06
b9a03475e6447e631b6799ec8274800f|0.03686844766056456|2020-10-06
b9c0ffa92f3ff9a5a3d45ef7213c0842|0.05999626326110433|2020-10-06
bacb1f0ed56ad24198f5810d2b3fe9a5|0.20839645233309273|2020-10-06
bafc5aa11e413978be29040f51342e70|0.022826366607546337|2020-10-06
bb135baca94c82fcb731335ad5b04a03|0.019836242244472047|2020-10-06
bb5bd94c8f59cc050072d2930c869cac|0.004011115246402527|2020-10-06
bb7a14e229b1c95156719c3d9552eeee|0.0034939932368444285|2020-10-06
bba3293d6f5d5af2f415e004e8b93ae3|0.7433833585570151|2020-10-06
bba74270a87732727b5a3b4fd9ac1c39|0.02012022752047679|2020-10-06
bbad7e518d7af88a0897397ffdca1979|0.00039003087391858515|2020-10-06
bbaff50f3b708fda865918715276cd87|0.817191362802102|2020-10-06
bc2ac6b95e1accce9858528ee566c17e|0.7017678335193128|2020-10-06
bccf933e006e9b94a6184af782963e77|0.006371657871185185|2020-10-06
bd0389da23d89b726abf911cccc54596|9.51595658820309e-06|2020-10-06
bd149ed516d4c5d418d5781f8e18919f|0.01060966422426537|2020-10-06
bd1d49a326abfa9b1036772e40445430|0.3781092207721836|2020-10-06
bd23da7354813347129d751591d1a6e2|1.7711113465491096e-05|2020-10-06
bd4889b5e9133b35b66e42a8665cea5c|0.0023895217757061034|2020-10-06
bd697db56ff8e7c9cd1abeb7f72029b2|0.04518140590841825|2020-10-06
bdb3edbaee43a761e2d4f258dc08f348|0.04052632768617943|2020-10-06
be1e9e378700cecaa4ebf71433d7915c|0.0876235544723923|2020-10-06
be8e909810184b9b19e886129149d8e5|0.042292066086997655|2020-10-06
be9a160a9011f627c3e121d076c1ec7b|0.9887172101663801|2020-10-06
bede56095ba33c42038fb85f707b8a42|0.6562822656820254|2020-10-06
bf3c6d2a28b2b5501e6c15448982dcc9|0.14072795515384404|2020-10-06
bfd27a966d91cfaafdb25d076585f0da|0.0001373043643469153|2020-10-06
c003204e1ab016dfa150abc119207b24|2.080214090092737e-05|2020-10-06
c0098efcf800861dcae589affca31408|0.3208860997134468|2020-10-06
c04d70d515d15a7e3db3a73320598566|0.7416552895256022|2020-10-06
c0563dd588b775f2e37747ef6ad6c92c|0.0026451383443724433|2020-10-06
c0f783394e37cd9c9d7f5f81141450fa|0.2063266307576046|2020-10-06
c161d1327ebc3a156c09582ab2f59f6c|0.6651761284107199|2020-10-06
c18309219e789960add0b2255ca4b091|0.9189811287818938|2020-10-06
c1ed9e3daf6154542826a6996af0fb8c|0.45757427929106614|2020-10-06
c24173065483e421f9e5e7f599de101d|0.5331455351737804|2020-10-06
c26a2be5b53b7db6b276280da212a779|0.17223186943015673|2020-10-06
c26ba52cf8d2f34915f2f6b7ffa0a3f3|0.013777504843749552|2020-10-06
c2d70ce2c5d0a2eb75e78668236e6dc8|0.2871022845868106|2020-10-06
c31eff8334d6b3047ed34bebd4d62c36|0.829639858463607|2020-10-06
c35672b10ad50968f567ea3f4b91e877|0.9622104507572613|2020-10-06
c35affa65afd250151285c5917fc1c8a|0.380932041656043|2020-10-06
c37b2059d4f90d4feead554e5246565e|0.013309110641420973|2020-10-06
c3867b4666c7d76867627c2f7fb22e21|0.053129844630096276|2020-10-06
c3cfdc648177fdbbbb35635a37472c53|0.001892952070822057|2020-10-06
c3ee2331a724e6fc02c4b698b57a73f3|0.014993527061110446|2020-10-06
c4fb51fb1c5b7c07bc5e67be6e7e8f6e|0.18896105218522347|2020-10-06
c500367424994318b9e779ff1ae9a330|8.072441957120144e-05|2020-10-06
c53bcd3be457a342a97e39e5a9f0be22|0.6309493128873915|2020-10-06
c6381d2d013342748761e906d45aff76|0.004231762822912412|2020-10-06
c64a2aec32cc408a8a4c6d7c46017f91|0.00015805856142165977|2020-10-06
c68fb906c8f4b4b946d8386bfa6e5467|0.0022501697393900906|2020-10-06
c6a7539d424a8402232c2228d7a03c5e|0.7242158220013163|2020-10-06
c6bda72e4dbf5c5866b13cb1810c6d03|0.00013343146586061922|2020-10-06
c731d18cea9bf687ffee82a241c25b11|0.880894867198875|2020-10-06
c747d5b92c7648417faea95d36d763e8|0.9252901775279728|2020-10-06
c79151301b9d90985d1fa52879213105|0.08189091740256811|2020-10-06
c794dab4928dd97beb41d05514441e86|0.2502600997482543|2020-10-06
c7a0a13cbcf29d5ce51c8f80afdc0b89|0.28257242177660535|2020-10-06
c7c7b2682c648339a0e9846bb1023a39|0.13608655635888067|2020-10-06
c826c40d7b19f62a09e2d7c5e7295ee2|9.036703858105985e-07|2020-10-06
c840d3fdbba0790404fdae73d253b253|0.013721457635069736|2020-10-06
c8467937e403e76a8ee9f0ab13f6f5ef|5.260964377447444e-05|2020-10-06
c847e075301870dd144a116762eaff9a|0.6986413938812887|2020-10-06
c864036feaab8c1659f65ea4faebe1da|0.0033361622559145783|2020-10-06
c878515173c84a492ebe50d6b493230b|0.8735352127757077|2020-10-06
c87abc38c8ed3240861729e1aeadf221|0.03495059881001761|2020-10-06
c89cf7c468a48af70aada384e722f9e2|0.010526279093929206|2020-10-06
c8b0e2b0a7095e5d8219575d5e7e1181|0.005433314544615586|2020-10-06
c8b3445d737de6befde0c88ede534a5e|0.001599779077116728|2020-10-06
c990d6cf976a5718aaedc539f383ab88|0.04923420961955795|2020-10-06
c9c7905cffc4ef9ff9f113554423e671|5.342606157688056e-05|2020-10-06
c9e5ad1f6647f5dbd1172adf6ae3cada|0.1031203887552663|2020-10-06
ca3bd7cd9f149df75950150d010fe4a2|0.09775147505113041|2020-10-06
cab85505710c7cb9b720bceb52b01cee|0.0015092696530352168|2020-10-06
cac4c8e7b1ca6252d8f20b2fc1a2e4af|0.34643092907279877|2020-10-06
cac4e0bc1a3269fa2b6ea5e763f6115b|0.06958846014166979|2020-10-06
cac63f48c38cd7d002a7e846dcd99a23|0.2282321372437902|2020-10-06
cb162c8eef257253782d245c08d9097c|0.5762287155651011|2020-10-06
cb3dd9ce66268c7a3ca7241ac70ab58c|0.00017933758055089854|2020-10-06
cb41bfbcbda0aea354a834ab222f9a59|0.0023792470007746543|2020-10-06
cb4a705d00e100b9732d0ca34817d441|0.8634357929799017|2020-10-06
cb8bcce248bb1fb274ba762d8b971456|3.203983898533118e-05|2020-10-06
cb9fb4ca75d7ba8437480e8dde64fe98|0.9665831422927773|2020-10-06
cbd996ad3c1b7dc71fd0e5f5df9087e2|0.0001743566585919939|2020-10-06
cc3d14116804f7209f3884f6367f1152|0.01850279050005308|2020-10-06
cc419e0650a3c5ba77189a1882b7556a|4.917113668443685e-07|2020-10-06
cc80e2f693fa6e2408f47ccf62413fc1|0.4388504503859958|2020-10-06
cca3071e3e9bb7d12640c9fbe2301306|0.04716871068036602|2020-10-06
ccada0ef508e698917a6eab263375905|0.47466908703532024|2020-10-06
ccc4bbb5f32a6ab2b7066a4130f114e3|0.001406865369608482|2020-10-06
cce6ab8d1682639fe45ab70234f1665f|0.28172103655078806|2020-10-06
ccf8813e5a7d6c84d865cd38bfc2b130|0.0007173843532550978|2020-10-06
cd06602b43d8800bd0afad514919d35c|0.012977768547195944|2020-10-06
cd68562d3f44870c08922d380acae552|4.970564054151575e-06|2020-10-06
cd6efc47efaabf134f8bdb654e10b4f1|0.00900614233577591|2020-10-06
cd843d4cf8ef32827de0396605163ba3|0.0006432736686429091|2020-10-06
ce248b21cb2adc36282ede306b7660e5|6.419556894068919e-05|2020-10-06
ce27a3cc3c8cc1ea79d11e561e9bebb6|0.9999841570157832|2020-10-06
ce7d1888639e6fb06b2749cbfdac1ff7|0.009130981202359402|2020-10-06
cee48807215b30a12ca2ca10ffb5f250|0.0018022849609951527|2020-10-06
cf2384dd2f1dddea3f838efed0945e65|0.002932836227094568|2020-10-06
cf8ab1616079e2793aa29d524df01bb1|0.0263823943927458|2020-10-06
cfa5ab0e4d3fc212fd0b3410e7081c62|0.05725733877170581|2020-10-06
cfb1a033743668a192316f3c6d1d2671|4.652558394633778e-05|2020-10-06
d03698c2efd04a549382afa6623e27fb|0.986066550706555|2020-10-06
d05ae8f7a5bd1d2a690a44cd079e4e27|0.0019843750869859714|2020-10-06
d12c926d74ceff0a90a21184466ce161|0.11656330398354091|2020-10-06
d1582f4043306e6b91afa6a8a884f898|0.3091380479956756|2020-10-06
d1a5cc844736958c11b8efab9a2b4c87|0.29257919586911324|2020-10-06
d1b65fc7debc3361ea86b5f14c68d2e2|0.1173496147419665|2020-10-06
d1b9d4be4b6f9ebd85f8acd6745ba612|0.007286193567298385|2020-10-06
d1c281d3ae149232351cd8c8cc885f0d|3.9421741838136636e-05|2020-10-06
d20b021d3efdf267a402c402a48ea64b|0.2972982250978108|2020-10-06
d23019c84ffae2d5ef2270367b8605fc|0.031445109308542|2020-10-06
d2374cbcbb3ca4ab1086534108cc3ab7|0.0006343337111075795|2020-10-06
d2e753bb80b7d4faa77483ed00edc8ca|0.12898746588214602|2020-10-06
d2f3e277560ed4c6361284429b00f037|0.9675161912311461|2020-10-06
d32e3909cfb714fb2a6cb092c85b9c5f|0.3882288443759034|2020-10-06
d354c38a7182125a748cb10474fe963b|0.005490218819614849|2020-10-06
d3674f271c91f824f82d24d92011f669|0.012858161763956525|2020-10-06
d379f449f2a3b271bc01c0782020f705|0.31595563299424384|2020-10-06
d3f39f05462b79a4562d35893a28f159|0.8964286601662041|2020-10-06
d4a5e99e0dd915df64ba55a7fbd583fd|0.2030749523682561|2020-10-06
d4e12e7884759a14fa0f5f896c791cae|0.8662471319295799|2020-10-06
d4e4b5192cba4e0e66eb12a9d347239d|0.997576526534539|2020-10-06
d4f117125b59ce73c3302f88ee40c458|0.2754881189326537|2020-10-06
d50d79cb34e38265a8649c383dcffd48|0.13959334405401677|2020-10-06
d51e0a403fe2e689ece6c73359d96e12|0.01953709278164025|2020-10-06
d57e18d5f73c7ccb7f7339b61166898d|0.00011080299457630322|2020-10-06
d58d521f3789def2e7a22715e0badd93|0.016382805487323997|2020-10-06
d5ba419e26d246a0719437cf37d9b46d|0.7110772925889813|2020-10-06
d5c530f4884a75ae0dba9c148718d278|0.23131970277488936|2020-10-06
d624126b9206f595fb3fbb6ba03b28a8|0.04707233267680856|2020-10-06
d63c73efd41eb002280e7ec831424edb|0.7418277768197278|2020-10-06
d650b663c3b5f6fb392b6326366efa9a|0.13079008613836252|2020-10-06
d673a59aac7a70d8b01e6902bf090a11|0.00028273979638875323|2020-10-06
d71d863e5ef30d94e440c11be17dcd8f|0.03649933618851358|2020-10-06
d7b2377bae6ace1b11fc69a11900ac36|0.18126058767743194|2020-10-06
d8dd176509baa37f359644d082bf7f7b|0.3261667625107023|2020-10-06
d91fb3b7d041e83b64a00a3edfb37e4f|0.6632924447410934|2020-10-06
d93844a9c55ba7ce353388bcf849ea56|0.9264692831673425|2020-10-06
d93919c944be9cff128f6c9cb899eacb|0.003869143802093624|2020-10-06
d93b8458c6fe139d85cfa5eadbf55bd2|0.4360061927413681|2020-10-06
d94a40fd42351c259927028d163af842|5.677182328653491e-06|2020-10-06
d97df38225e5abadaff1e72cb72b823c|0.0012646047107559306|2020-10-06
d98eec89afa3380e14463da2aabaea72|3.5511880899630375e-07|2020-10-06
d9e8c084b68fe958861d8f2c21202e6b|0.12934662140005418|2020-10-06
da03c298e3999e9d828591fc2179d109|0.007276980070970485|2020-10-06
da20530872245d6cd9d2f5725613c430|0.32500225330734467|2020-10-06
da2782c804606d2a5d8e1760dbb3e7ec|0.674465464017374|2020-10-06
da8622b14eb17ae2831f4ac5b9dab84a|7.146939397152223e-06|2020-10-06
daeb5653dd96c1b11860f72209795012|0.00034326060221367716|2020-10-06
db4350fd57ae30082dec7acbaacc17f9|0.0001299294325440826|2020-10-06
dbb9b48c841a0e39e21f98e1a6b2ec3e|8.286954233510056e-06|2020-10-06
dbbcfe2c8d026742134ac3e28ccde274|0.48318591119368826|2020-10-06
dbc22125167c298ef99da25668e1011f|0.00010307578109923511|2020-10-06
dbd66278cbfe1aa1000f90a217ca4695|0.0005565149197366444|2020-10-06
dc317f341ab0e22f39acbd9dbf9b4a1f|0.05482720725040838|2020-10-06
dc4a0fc896dc34b0d5bfec8438291c80|0.011352971022160046|2020-10-06
dc8798cbf453b7e0f98745e396cc5616|0.992656641206609|2020-10-06
dd2bdf855a9172734fbc3744021ae9b9|0.0007023727706561596|2020-10-06
dd533b429f380718b70ad9922c294bae|0.7428624149151495|2020-10-06
dd55f1bb788714a40e7954c3be6df745|0.0022771579926193727|2020-10-06
dd7ddc04e1b6c2c614352b383efe2d36|0.052124984047787995|2020-10-06
dd9661d3cda1e6feb237f0c4d8b26f2e|0.4670376863299573|2020-10-06
de09d00cfc265b8804c7df34075a68fa|0.028252118470402814|2020-10-06
de23c3b98a88888289c6f5cc1209054a|1.7615281631747535e-06|2020-10-06
dee656f0f566ed1aa85bd137c943f08f|2.7288652832125212e-05|2020-10-06
df0f42bc4c2142eacf0eaf2cffd0cfbb|0.8828001069179138|2020-10-06
df560393f3a51e74553ab94004ba5c87|0.5744456590118515|2020-10-06
df56d7b40d437f88407c5f78b63bc328|0.001624038134279475|2020-10-06
dfc5fb7259bb2b599ca565e6e9448f0f|0.039633638965842|2020-10-06
e067ad2c1c0b48758eb1b5228bcf7a68|9.406898777444996e-05|2020-10-06
e06f09ec0a4aca210779cf1cfc63cf19|4.9069279163405744e-05|2020-10-06
e0878efa0e0b7e5313ac0b43bc04c081|0.0013128816411943035|2020-10-06
e09887ca8c7bf8a4621ce481820414ef|0.667542475087717|2020-10-06
e0a366315b1b726b6c7832d664c0f530|0.000564015235901359|2020-10-06
e1b12447a7563944843191754aeb5562|0.04525477863742309|2020-10-06
e21a1e8be4715b0fcfd5385643bc49c4|0.2070594500943937|2020-10-06
e24fc9fcd865784fb25705606fe3dfe7|0.9906270052745628|2020-10-06
e2aee0892199b1d92530e371abd825bf|0.00014248245983594404|2020-10-06
e333046ce6517bd8bb510291d44f0130|0.0008735045711712878|2020-10-06
e38db885400cd35c71dfd162f2c1dbcf|0.10453657557273371|2020-10-06
e3e290b38963293022cdcd6db8328103|0.24970384037365714|2020-10-06
e48b04bf1aa1ef711caebeb7aede6180|0.001543345172662204|2020-10-06
e48cc16ab70bfa09e1401740dce0b3d7|0.7992663155395348|2020-10-06
e49c26c3edfa46d227d5121a6b6e4d37|4.954588028181402e-05|2020-10-06
e4ebd3f87bf70440014f07ddda7fbe03|0.009984144006677758|2020-10-06
e5475dcab1e07b63d7f6e902d8f5eda8|0.06250670682087256|2020-10-06
e59aa562b9f8076dd550fcddf0e73491|0.014866787892999335|2020-10-06
e5a3438891c0bfdb9394643f95273d8e|9.464587238622356e-06|2020-10-06
e5a38146df062edaf55c38afa99e42dc|0.41266575443679887|2020-10-06
e5bd51692380fd8cabb19b756b95e714|0.2875347424484589|2020-10-06
e5d4b2b0c3bca22085f7a19a28de0c42|0.26902675690808836|2020-10-06
e5e33c0d8e7e002f398f5dc4cbbb338f|0.4665365012728398|2020-10-06
e62b2d6ac10570a035a30bafcf01d263|0.09543428872042915|2020-10-06
e63e8bfa530fb16910dd6956e592bb81|6.875001749652089e-05|2020-10-06
e64d65bc8dbec2accda90c58de5d1246|0.009238583119402845|2020-10-06
e6a69c4a27dfdd98ffe5aa757ad744bc|0.1564146753513781|2020-10-06
e7d5b006eb624f13074497221eb37807|0.4669697752072513|2020-10-06
e7df4cd29ab5abab70fb0783ddb53987|0.06721281250319637|2020-10-06
e81e1f9c3e762e620f3fb60a51499e16|0.005543027095274419|2020-10-06
e82de6494d91d3c4c54450f59b227a94|0.5297230906869655|2020-10-06
e84ad2127668df3aafc6b73531a0beb8|0.13924783494539936|2020-10-06
e8b3a3a38279a82f0e5d006d5e5b7d2c|0.00031029514977534174|2020-10-06
e8f6dc8e6a1dcde89d20e3995c8d90b3|0.9971015426583781|2020-10-06
e9511df20ccd82658a30c37b7fb343af|0.26387347092159946|2020-10-06
e96498ed8daaa3e9c23f7a62da76591c|0.0009879505373357003|2020-10-06
e9779976487b77c6d4ac45f75ec7afe9|0.00012160554599621817|2020-10-06
e99e927c81e3f51739c94fcdfca9f10f|0.06728543395397464|2020-10-06
e9bc59e7b60fc3063eb2290deda4cced|0.0320576031873966|2020-10-06
e9c6969d40e6a3d2d0f90013165c2b98|0.006681861110973222|2020-10-06
e9d99831abad74458942f21e16f33f92|7.142294610769954e-06|2020-10-06
ea566164622c6b439516ab18062c42cd|0.04282278399907401|2020-10-06
ea8482cd71df3c1969d7b9473ff13abc|2.0966579935717072e-07|2020-10-06
ead2bab70821ea148476ae9bc08548ac|0.7834363574942126|2020-10-06
eae9af4811c294c56795d70e715b7337|0.8792617357690158|2020-10-06
eb3071b9f0b0ddaa2df5ea130f09f26b|0.7460891782833943|2020-10-06
eb4df17aed01d918c65f0f8d650900c0|0.46271640480919635|2020-10-06
eb5b6204dde3a6e03b5f1bb8479f055b|0.8848953084431057|2020-10-06
eba88037e1dca898cd02881f67ced679|0.4861554233183465|2020-10-06
ebd2d60905fb58271facef5596b620d3|0.041569118579148655|2020-10-06
ec21206b7894c503788a684a7bc822a6|0.36084742399946407|2020-10-06
ec4608a1f76453166bb312b2968aeaf4|0.02911029235396451|2020-10-06
ec8879960bd2221d5c32f8e12f7da711|0.0027552464656809003|2020-10-06
ec933281fb017b5020d06df29c3f77e8|0.010430680298260966|2020-10-06
ececbfcff9804a2d6b40f589df8eef2b|0.030585211185717723|2020-10-06
ed4311e67debd72b8610a5347a743087|0.06010538720179629|2020-10-06
ed4acab38528488b65a9a9c603ff024a|0.003909734619850871|2020-10-06
edb1ef5e36e0c8cd84eb3c9b003e486d|3.6074867787582477e-06|2020-10-06
eddd1991bd6d9309995a480c39b95137|0.1047102279582389|2020-10-06
edf96ef93ed595084bbcbd9224bd2894|0.0002580913609786333|2020-10-06
eeb6de78f79159600292e314a77cbd18|0.8775044355399398|2020-10-06
eed78ac17f7f795a19a709745f00cd4e|0.012852903208282869|2020-10-06
ef0ace09169ac090589d85746e3e036f|0.015079266331945654|2020-10-06
ef30892870c278497523264be1be2241|0.0004264480740953721|2020-10-06
ef506c96320abeedfb894c34db06f478|9.730275679483172e-06|2020-10-06
ef990a83bbea832f36ebe81376335aa8|0.015639336255391934|2020-10-06
efb628aa07c8ca93d7db0d85b91a4f5a|0.5670191296805327|2020-10-06
efcd8d2104f1a05d028af7bad20d974b|5.914275519086986e-05|2020-10-06
f00e21b1e91a79653163b7fd8f293ff1|0.41562242062708155|2020-10-06
f0837c8d71434931d9e38e7b79234797|0.03071229971437336|2020-10-06
f08a5b9dd6767129688d001acafc21e5|0.001300858228453697|2020-10-06
f08c008c8a8d31417763738a1788a2a8|0.0001147858392923437|2020-10-06
f0b47fbbc6dee9aafe415a6e33051b3f|0.010387663527150847|2020-10-06
f1198c871e0171278b63f40d112caeec|0.2184503633367318|2020-10-06
f181738b150df1f37cb0bd72e705b193|0.9828078226921625|2020-10-06
f19516b9ff26bfeb091b30108db4ddbd|0.490734032113288|2020-10-06
f1ed6bd0a9b11b581f16c851c6a5a527|0.03138138061902541|2020-10-06
f1fd5ab1181f827ffad998c1a5de7d74|0.003500862889688372|2020-10-06
f214d28e8d8e3ef068748498ccc2f813|0.026257076331374363|2020-10-06
f25e239052084705e17a982bc600ab2a|0.07588322736449493|2020-10-06
f262cbc1c910c83959f849465454ddd3|1.0192018248343284e-08|2020-10-06
f266295f49a28eee21f413e0cbb0521d|0.17446571689356963|2020-10-06
f27e33c6d29b5138fa9967bcd445b6d5|7.628042459669076e-06|2020-10-06
f326006815956455b2859abd58fe7e39|0.2637158300720151|2020-10-06
f3295428338a40977a03f555246a70f4|0.01269563062820152|2020-10-06
f3b80352b986ab4d1057a4b724be19d0|0.4028674523581293|2020-10-06
f3da5b2ff499efb8d4a6d371d175d7dd|0.0015056801325372615|2020-10-06
f419677537694f0462a91990df6ca44f|0.22043127957929085|2020-10-06
f41ce2e25237f9092cd8e6e7516c7a2f|0.7042115233069365|2020-10-06
f435898e493ba0356019a0b1cb8b55b1|0.5447406810748268|2020-10-06
f44b6f775a2b390380e0e30b5c9d3eee|0.045717767994318564|2020-10-06
f44bdc12aa39f5271f0b95f66cd4c289|0.11344843770796231|2020-10-06
f45122a9ab94eb4f3f8953578bc0c560|2.767240910250325e-05|2020-10-06
f457c46070d02cadd8a68551231220dd|0.0015100565111155655|2020-10-06
f4a04f7be452aa3bb31760bf00055dd0|0.001965837038345526|2020-10-06
f4c4daa86e30c7e5a553a8d518ac03a5|0.9692750665879519|2020-10-06
f4db9b37944bcb8873e6b456ee190bbf|0.19364443759580857|2020-10-06
f593898ec748b7a8cb81fc04edafd98a|0.001006130739992174|2020-10-06
f5a590cf36251cf1162ea35bef76fe84|9.558109257864833e-05|2020-10-06
f5b44895715ddfe3087dc414f30268f3|0.15038807029763177|2020-10-06
f5f2ab9bdb6b30c14c61be68c5ed37da|0.9731038992906961|2020-10-06
f5f46307a4d15880ca14fab4ad9dfc9b|0.053030225035891825|2020-10-06
f6122bc84774df1b372bdb3bb88ddb9f|0.1747088348547663|2020-10-06
f615fe7efbef0f4f08fd3086bc7a3e60|0.9857311456874956|2020-10-06
f61c63d13f7cd800549d5acdd390ae72|0.016679009921208503|2020-10-06
f63d8f293af3a6454377546bd9dd19ff|0.46697658599357794|2020-10-06
f664f98bfda2eaf266a23ff144e7a872|0.5028547741630794|2020-10-06
f67efa3f0b6761102a7f8c6b7b571f5d|0.9991959606180667|2020-10-06
f680f85bee2d253556ac91be391d2c82|1.1122543384227223e-05|2020-10-06
f682e0f848abafc6f41e0d4e868c66ef|0.5032349424742081|2020-10-06
f7496d659ca9fdaf323c0aae84176632|0.8253248551624682|2020-10-06
f7720c4fa8e3aba4546301ab80ea1f1b|0.9856194703328557|2020-10-06
f789d2c4f2c2eb38fc4373e7a4b35264|7.932265280062879e-05|2020-10-06
f7ba60f8c3f99e7ee4042fdef03b70c4|0.0009682567256724808|2020-10-06
f7ccf836d21b2fb1de37564105216cc1|0.3494373833030675|2020-10-06
f805b96fa705ba7995a221f1749dc141|0.5014232302603401|2020-10-06
f80edd2c5aaa505cc4b0a3b219abf4b8|0.03244781867999092|2020-10-06
f8201cab383e484733266d1906e2fdfa|0.14930758146892256|2020-10-06
f84a00e60c73a49e7e851c9bdca3a5bb|6.69249294163631e-05|2020-10-06
f84fa566034f5e8e880a07ec624c56af|0.8752856367507188|2020-10-06
f8d5c7085db9a4ad2b8c1ffbeb2798c8|0.9927809069119063|2020-10-06
f8db351d8c4c4c22c6835c19a46f01b0|1.8333414527907546e-05|2020-10-06
f8e2c1b59cd4225a3e4fd0d013a76b93|0.011684417751515418|2020-10-06
f8f35af4634605e6693c17cc3ffff5a8|0.29101848721181456|2020-10-06
f918546be4bec7104d117789ba758b2b|0.1199201777538969|2020-10-06
f97e2b0650c2068227e1d366140eb62f|0.09148345804679749|2020-10-06
f9903dd0f812c7e771fcad47b6fff231|0.6319515898851124|2020-10-06
fa14641f57b655e933124a9ea49cd7a5|0.8773542857051506|2020-10-06
fa1a9dec3a9940c072684a46728bf1fc|0.0056935502326889145|2020-10-06
fa1c13f2614d7b5c4749cbc52fecda94|8.21897029396517e-06|2020-10-06
fa40cc5b934574b62717c68f3d678b6d|0.9770492595673774|2020-10-06
fa74b2f3287d296e9fbd2cc80f2d1cf1|0.013147278129259922|2020-10-06
fa8d335d68129e464e60c1826a683e96|0.05629272960998943|2020-10-06
fb8904a8ea99f8831b64ce27db2c1765|0.5123511807661975|2020-10-06
fb89df7f89fd1b8f03fa2acca1ba7364|0.012452419611365312|2020-10-06
fbc14c0cf93505ef89f64665ffa4a7b5|0.053867729152567045|2020-10-06
fc38b5dceee1a730fad8853453437fbd|0.018595551465002785|2020-10-06
fc6295add6f51a0936407ead70c1001d|0.0789052840228917|2020-10-06
fc906263ca5083d09dce42fe02247800|0.00758169289400929|2020-10-06
fc908879b9ca1bd65419e54e50432d38|0.554933530953708|2020-10-06
fcb5ace8bcc92f75707dc0f01a27d269|0.0011450388020667677|2020-10-06
fcba71d4d5db057f43249145e4eb1e27|0.07815842278412638|2020-10-06
fce62094ffe6a4009188ec44e681dfdd|0.878190544394365|2020-10-06
fdaaf5bfda82b7b80535610c831b8d09|0.03832691621632229|2020-10-06
fdb9095204a334cd8872252ffec6f2db|0.2891118702216442|2020-10-06
fde0cc9ea29c8ccfc0a2c22256a58c71|0.0024785856367263957|2020-10-06
fe2032dab1a61af8794248c8196565c9|2.8938001091968102e-05|2020-10-06
fe26f3ecb51a15e6d8335cd92da42562|0.6996038014052761|2020-10-06
fe49ee029e61e789a1f3a5525f57ba8d|0.0036514708680488416|2020-10-06
fe701d88b67eaca109dffd464d1be9f9|0.6897408824183962|2020-10-06
febab0275244b9a49a623f0bd613ca2f|0.06449967623041777|2020-10-06
ff063b022a9a0aab91bad2c9088760b7|0.10896144531018578|2020-10-06
ff69aa92bb6b1bf9b8b7a51c2ed9cf8b|0.011227266925999851|2020-10-06
ff82e8873fba613f2261a9acc896fd84|0.9345593008247086|2020-10-06
ffdd9f82b9a447f6f8d4b91554cc7dd3|0.0021937354226767083|2020-10-06
ffeee66ac5d5a62fe688b9d26f83f534|0.016919607100177002|2020-10-06
fffd5413c0700ac820c7069d66d98c89|9.867928176607644e-05|2020-10-06
